hhid,land_area_sqm
1,0.0
2,0.0
3,0.0
4,0.0
5,0.0
6,0.0
7,0.0
8,0.0
9,0.0
10,0.0
11,0.0
12,0.0
13,0.0
14,0.0
15,0.0
16,0.0
17,0.0
18,0.0
19,0.0
20,0.0
21,0.0
22,0.0
23,0.0
24,0.0
25,0.0
26,0.0
27,0.0
28,6987.0
29,0.0
30,0.0
31,4432.0775625
32,0.0
33,0.0
34,0.0
35,0.0
36,0.0
37,0.0
38,0.0
39,0.0
40,0.0
41,0.0
42,0.0
43,0.0
44,0.0
45,0.0
46,0.0
47,0.0
48,0.0
49,0.0
50,0.0
51,0.0
52,0.0
53,0.0
54,0.0
55,0.0
56,0.0
57,0.0
58,0.0
59,0.0
60,0.0
61,0.0
62,0.0
63,0.0
64,0.0
65,0.0
66,0.0
67,0.0
68,0.0
69,0.0
70,0.0
71,0.0
72,0.0
73,0.0
74,0.0
75,0.0
76,0.0
77,0.0
78,0.0
79,0.0
80,0.0
81,0.0
82,0.0
83,0.0
84,0.0
85,0.0
86,0.0
87,0.0
88,0.0
89,0.0
90,0.0
91,0.0
92,0.0
93,0.0
94,0.0
95,0.0
96,0.0
97,0.0
98,0.0
99,0.0
100,0.0
101,0.0
102,0.0
103,0.0
104,0.0
105,0.0
106,0.0
107,0.0
108,0.0
109,0.0
110,0.0
111,0.0
112,0.0
113,0.0
114,0.0
115,0.0
116,0.0
117,0.0
118,0.0
119,0.0
120,0.0
121,0.0
122,0.0
123,0.0
124,0.0
125,0.0
126,0.0
127,0.0
128,0.0
129,0.0
130,0.0
131,0.0
132,0.0
133,0.0
134,0.0
135,0.0
136,0.0
137,0.0
138,0.0
139,0.0
140,0.0
141,0.0
142,0.0
143,0.0
144,0.0
145,0.0
146,0.0
147,0.0
148,0.0
149,0.0
150,0.0
151,0.0
152,0.0
153,0.0
154,0.0
155,0.0
156,0.0
157,0.0
158,0.0
159,0.0
160,0.0
161,0.0
162,0.0
163,0.0
164,0.0
165,0.0
166,0.0
167,0.0
168,0.0
169,0.0
170,0.0
171,0.0
172,0.0
173,0.0
174,0.0
175,0.0
176,0.0
177,0.0
178,0.0
179,0.0
180,0.0
181,0.0
182,0.0
183,0.0
184,0.0
185,0.0
186,0.0
187,0.0
188,0.0
189,0.0
190,0.0
191,0.0
192,0.0
193,0.0
194,0.0
195,0.0
196,0.0
197,0.0
198,0.0
199,0.0
200,0.0
201,0.0
202,0.0
203,0.0
204,0.0
205,0.0
206,0.0
207,0.0
208,0.0
209,0.0
210,0.0
211,0.0
212,0.0
213,0.0
214,0.0
215,0.0
216,0.0
217,0.0
218,0.0
219,0.0
220,0.0
221,0.0
222,0.0
223,0.0
224,0.0
225,0.0
226,0.0
227,0.0
228,0.0
229,0.0
230,0.0
231,0.0
232,0.0
233,0.0
234,0.0
235,0.0
236,0.0
237,0.0
238,0.0
239,0.0
240,0.0
241,0.0
242,0.0
243,0.0
244,0.0
245,0.0
246,0.0
247,0.0
248,0.0
249,0.0
250,0.0
251,0.0
252,0.0
253,0.0
254,0.0
255,0.0
256,0.0
257,0.0
258,0.0
259,0.0
260,0.0
261,0.0
262,0.0
263,0.0
264,0.0
265,0.0
266,0.0
267,0.0
268,0.0
269,0.0
270,0.0
271,0.0
272,0.0
273,0.0
274,0.0
275,0.0
276,0.0
277,0.0
278,0.0
279,0.0
280,0.0
281,0.0
282,0.0
283,0.0
284,0.0
285,0.0
286,0.0
287,0.0
288,0.0
289,0.0
290,0.0
291,0.0
292,0.0
293,0.0
294,0.0
295,0.0
296,0.0
297,69870.0
298,0.0
299,0.0
300,0.0
301,0.0
302,0.0
303,0.0
304,0.0
305,0.0
306,0.0
307,0.0
308,0.0
309,0.0
310,0.0
311,0.0
312,0.0
313,0.0
314,0.0
315,0.0
316,0.0
317,0.0
318,0.0
319,0.0
320,0.0
321,0.0
322,0.0
323,0.0
324,0.0
325,0.0
326,0.0
327,0.0
328,0.0
329,0.0
330,0.0
331,0.0
332,0.0
333,0.0
334,0.0
335,0.0
336,0.0
337,0.0
338,0.0
339,0.0
340,0.0
341,0.0
342,0.0
343,0.0
344,0.0
345,0.0
346,0.0
347,0.0
348,0.0
349,0.0
350,0.0
351,0.0
352,0.0
353,0.0
354,0.0
355,0.0
356,0.0
357,0.0
358,0.0
359,0.0
360,0.0
361,0.0
362,0.0
363,886.4155124999999
364,0.0
365,0.0
366,0.0
367,0.0
368,0.0
369,0.0
370,0.0
371,0.0
372,0.0
373,0.0
374,0.0
375,0.0
376,0.0
377,0.0
378,34935.0
379,0.0
380,0.0
381,0.0
382,0.0
383,0.0
384,0.0
385,0.0
386,0.0
387,0.0
388,0.0
389,0.0
390,0.0
391,0.0
392,0.0
393,0.0
394,0.0
395,0.0
396,0.0
397,0.0
398,0.0
399,0.0
400,0.0
401,0.0
402,0.0
403,0.0
404,0.0
405,0.0
406,0.0
407,0.0
408,0.0
409,0.0
410,0.0
411,0.0
412,0.0
413,0.0
414,0.0
415,0.0
416,0.0
417,0.0
418,0.0
419,0.0
420,0.0
421,0.0
422,0.0
423,0.0
424,0.0
425,0.0
426,0.0
427,0.0
428,0.0
429,0.0
430,0.0
431,0.0
432,0.0
433,0.0
434,0.0
435,0.0
436,0.0
437,0.0
438,0.0
439,0.0
440,0.0
441,0.0
442,0.0
443,0.0
444,0.0
445,0.0
446,0.0
447,0.0
448,0.0
449,0.0
450,0.0
451,0.0
452,0.0
453,0.0
454,0.0
455,0.0
456,0.0
457,0.0
458,0.0
459,0.0
460,0.0
461,0.0
462,0.0
463,0.0
464,0.0
465,0.0
466,0.0
467,0.0
468,0.0
469,0.0
470,0.0
471,850.9588919999999
472,3403.8355679999995
473,0.0
474,0.0
475,0.0
476,0.0
477,50610.917784
478,6987.0
479,0.0
480,0.0
481,0.0
482,0.0
483,0.0
484,0.0
485,0.0
486,0.0
487,0.0
488,0.0
489,0.0
490,0.0
491,0.0
492,0.0
493,0.0
494,0.0
495,0.0
496,0.0
497,0.0
498,0.0
499,0.0
500,0.0
501,0.0
502,0.0
503,0.0
504,0.0
505,0.0
506,0.0
507,0.0
508,2552.8766759999994
509,2552.8766759999994
510,0.0
511,9573.287534999998
512,13974.0
513,0.0
514,0.0
515,0.0
516,0.0
517,0.0
518,0.0
519,0.0
520,0.0
521,0.0
522,0.0
523,0.0
524,0.0
525,6807.671135999999
526,0.0
527,0.0
528,0.0
529,0.0
530,0.0
531,0.0
532,0.0
533,0.0
534,0.0
535,0.0
536,0.0
537,0.0
538,0.0
539,0.0
540,0.0
541,0.0
542,0.0
543,0.0
544,0.0
545,0.0
546,0.0
547,0.0
548,0.0
549,0.0
550,0.0
551,0.0
552,0.0
553,0.0
554,0.0
555,0.0
556,0.0
557,0.0
558,0.0
559,0.0
560,0.0
561,0.0
562,0.0
563,0.0
564,0.0
565,0.0
566,0.0
567,0.0
568,0.0
569,0.0
570,0.0
571,0.0
572,0.0
573,0.0
574,0.0
575,0.0
576,0.0
577,0.0
578,0.0
579,0.0
580,174675.0
581,0.0
582,0.0
583,0.0
584,0.0
585,0.0
586,0.0
587,0.0
588,0.0
589,0.0
590,0.0
591,0.0
592,0.0
593,0.0
594,0.0
595,0.0
596,0.0
597,0.0
598,0.0
599,0.0
600,0.0
601,0.0
602,0.0
603,0.0
604,0.0
605,0.0
606,0.0
607,0.0
608,0.0
609,0.0
610,0.0
611,0.0
612,0.0
613,55896.0
614,0.0
615,0.0
616,0.0
617,0.0
618,0.0
619,0.0
620,0.0
621,0.0
622,0.0
623,0.0
624,0.0
625,0.0
626,0.0
627,0.0
628,0.0
629,0.0
630,0.0
631,0.0
632,0.0
633,0.0
634,0.0
635,0.0
636,0.0
637,0.0
638,0.0
639,0.0
640,0.0
641,0.0
642,0.0
643,0.0
644,0.0
645,0.0
646,0.0
647,0.0
648,0.0
649,0.0
650,0.0
651,0.0
652,0.0
653,0.0
654,0.0
655,0.0
656,0.0
657,0.0
658,0.0
659,0.0
660,0.0
661,0.0
662,0.0
663,0.0
664,0.0
665,0.0
666,0.0
667,0.0
668,0.0
669,0.0
670,0.0
671,0.0
672,0.0
673,0.0
674,0.0
675,0.0
676,0.0
677,0.0
678,0.0
679,0.0
680,0.0
681,0.0
682,0.0
683,0.0
684,0.0
685,0.0
686,0.0
687,0.0
688,0.0
689,0.0
690,0.0
691,0.0
692,0.0
693,0.0
694,0.0
695,0.0
696,0.0
697,283.65296399999994
698,283.65296399999994
699,283.65296399999994
700,4822.100387999999
701,11346.118559999997
702,283.65296399999994
703,0.0
704,567.3059279999999
705,0.0
706,0.0
707,0.0
708,0.0
709,0.0
710,0.0
711,0.0
712,0.0
713,0.0
714,283.65296399999994
715,443.20775624999993
716,0.0
717,0.0
718,0.0
719,0.0
720,0.0
721,0.0
722,0.0
723,0.0
724,0.0
725,0.0
726,0.0
727,0.0
728,0.0
729,0.0
730,0.0
731,0.0
732,0.0
733,0.0
734,0.0
735,0.0
736,0.0
737,0.0
738,0.0
739,0.0
740,0.0
741,0.0
742,0.0
743,0.0
744,0.0
745,0.0
746,0.0
747,0.0
748,0.0
749,0.0
750,0.0
751,0.0
752,0.0
753,0.0
754,0.0
755,0.0
756,0.0
757,0.0
758,7658.630027999998
759,17870.136731999995
760,22975.890083999995
761,7658.630027999998
762,19146.575069999995
763,24252.328421999995
764,8935.068365999998
765,24252.328421999995
766,0.0
767,0.0
768,0.0
769,0.0
770,0.0
771,0.0
772,0.0
773,0.0
774,0.0
775,0.0
776,0.0
777,0.0
778,0.0
779,0.0
780,0.0
781,0.0
782,0.0
783,0.0
784,0.0
785,0.0
786,0.0
787,0.0
788,0.0
789,0.0
790,0.0
791,0.0
792,0.0
793,0.0
794,0.0
795,0.0
796,0.0
797,0.0
798,0.0
799,0.0
800,0.0
801,0.0
802,0.0
803,0.0
804,6987.0
805,6987.0
806,0.0
807,6987.0
808,0.0
809,0.0
810,0.0
811,0.0
812,0.0
813,0.0
814,0.0
815,0.0
816,0.0
817,698700.0
818,0.0
819,0.0
820,0.0
821,0.0
822,0.0
823,0.0
824,0.0
825,0.0
826,0.0
827,0.0
828,293454.0
829,0.0
830,0.0
831,0.0
832,0.0
833,0.0
834,0.0
835,40524.60133266449
836,55896.0
837,0.0
838,0.0
839,0.0
840,0.0
841,0.0
842,0.0
843,0.0
844,0.0
845,0.0
846,0.0
847,0.0
848,0.0
849,0.0
850,0.0
851,0.0
852,0.0
853,0.0
854,0.0
855,0.0
856,0.0
857,0.0
858,0.0
859,0.0
860,0.0
861,0.0
862,0.0
863,0.0
864,6987.0
865,6987.0
866,0.0
867,0.0
868,0.0
869,0.0
870,0.0
871,0.0
872,0.0
873,0.0
874,0.0
875,0.0
876,0.0
877,0.0
878,0.0
879,0.0
880,0.0
881,0.0
882,0.0
883,0.0
884,0.0
885,0.0
886,0.0
887,0.0
888,0.0
889,0.0
890,0.0
891,0.0
892,0.0
893,0.0
894,0.0
895,0.0
896,0.0
897,0.0
898,0.0
899,0.0
900,0.0
901,0.0
902,0.0
903,1134.6118559999998
904,0.0
905,0.0
906,0.0
907,0.0
908,0.0
909,0.0
910,0.0
911,0.0
912,0.0
913,0.0
914,0.0
915,0.0
916,0.0
917,0.0
918,0.0
919,0.0
920,0.0
921,0.0
922,0.0
923,0.0
924,0.0
925,0.0
926,0.0
927,0.0
928,0.0
929,0.0
930,0.0
931,0.0
932,0.0
933,0.0
934,0.0
935,0.0
936,0.0
937,0.0
938,0.0
939,0.0
940,0.0
941,0.0
942,0.0
943,0.0
944,0.0
945,0.0
946,0.0
947,0.0
948,0.0
949,0.0
950,0.0
951,2216.03878125
952,1329.6232687499999
953,0.0
954,0.0
955,0.0
956,0.0
957,6648.116343749999
958,0.0
959,0.0
960,0.0
961,0.0
962,0.0
963,0.0
964,0.0
965,13974.0
966,0.0
967,0.0
968,0.0
969,0.0
970,0.0
971,0.0
972,0.0
973,0.0
974,0.0
975,6987.0
976,0.0
977,0.0
978,0.0
979,0.0
980,0.0
981,0.0
982,0.0
983,0.0
984,0.0
985,0.0
986,0.0
987,0.0
988,0.0
989,0.0
990,0.0
991,0.0
992,0.0
993,0.0
994,0.0
995,0.0
996,0.0
997,0.0
998,0.0
999,0.0
1000,0.0
1001,0.0
1002,0.0
1003,0.0
1004,0.0
1005,0.0
1006,0.0
1007,0.0
1008,0.0
1009,0.0
1010,0.0
1011,0.0
1012,0.0
1013,0.0
1014,0.0
1015,0.0
1016,0.0
1017,34935.0
1018,0.0
1019,0.0
1020,886.4155124999999
1021,0.0
1022,0.0
1023,0.0
1024,3988.8698062499993
1025,443.20775624999993
1026,0.0
1027,0.0
1028,9750.570637499999
1029,0.0
1030,1329.6232687499999
1031,0.0
1032,1108.019390625
1033,0.0
1034,1329.6232687499999
1035,886.4155124999999
1036,0.0
1037,0.0
1038,1329.6232687499999
1039,1329.6232687499999
1040,0.0
1041,886.4155124999999
1042,1329.6232687499999
1043,886.4155124999999
1044,0.0
1045,0.0
1046,3403.8355679999995
1047,1276.4383379999997
1048,0.0
1049,1276.4383379999997
1050,0.0
1051,0.0
1052,0.0
1053,0.0
1054,4467.534182999999
1055,5673.059279999999
1056,0.0
1057,0.0
1058,0.0
1059,0.0
1060,0.0
1061,0.0
1062,0.0
1063,638.2191689999999
1064,0.0
1065,0.0
1066,0.0
1067,0.0
1068,0.0
1069,0.0
1070,0.0
1071,0.0
1072,0.0
1073,0.0
1074,0.0
1075,0.0
1076,4467.534182999999
1077,0.0
1078,0.0
1079,1276.4383379999997
1080,0.0
1081,3191.0958449999994
1082,0.0
1083,0.0
1084,9573.287534999998
1085,0.0
1086,0.0
1087,0.0
1088,0.0
1089,0.0
1090,0.0
1091,0.0
1092,0.0
1093,0.0
1094,5673.059279999999
1095,0.0
1096,0.0
1097,0.0
1098,0.0
1099,0.0
1100,0.0
1101,0.0
1102,0.0
1103,0.0
1104,0.0
1105,0.0
1106,0.0
1107,6648.116343749999
1108,6807.671135999999
1109,0.0
1110,6987.0
1111,0.0
1112,0.0
1113,0.0
1114,0.0
1115,0.0
1116,0.0
1117,0.0
1118,0.0
1119,0.0
1120,0.0
1121,0.0
1122,0.0
1123,0.0
1124,0.0
1125,0.0
1126,0.0
1127,0.0
1128,0.0
1129,0.0
1130,0.0
1131,0.0
1132,850.9588919999999
1133,0.0
1134,0.0
1135,283.65296399999994
1136,0.0
1137,0.0
1138,5673.059279999999
1139,0.0
1140,0.0
1141,0.0
1142,223584.0
1143,0.0
1144,0.0
1145,0.0
1146,524025.0
1147,0.0
1148,0.0
1149,850.9588919999999
1150,0.0
1151,2269.2237119999995
1152,0.0
1153,0.0
1154,0.0
1155,0.0
1156,0.0
1157,1985.5707479999996
1158,1276.4383379999997
1159,1276.4383379999997
1160,0.0
1161,12764.383379999997
1162,0.0
1163,0.0
1164,0.0
1165,13615.342271999998
1166,20423.013407999995
1167,5673.0592799999995
1168,13615.342271999998
1169,0.0
1170,0.0
1171,0.0
1172,0.0
1173,0.0
1174,5673.059279999999
1175,6807.671135999999
1176,0.0
1177,0.0
1178,9076.894847999998
1179,0.0
1180,4538.447423999999
1181,0.0
1182,11346.118559999997
1183,0.0
1184,0.0
1185,19288.401551999996
1186,0.0
1187,0.0
1188,0.0
1189,0.0
1190,0.0
1191,13974.0
1192,0.0
1193,6987.0
1194,0.0
1195,0.0
1196,0.0
1197,0.0
1198,0.0
1199,5673.059279999999
1200,0.0
1201,5673.059279999999
1202,1134.6118559999998
1203,9076.894847999998
1204,0.0
1205,7942.282991999999
1206,0.0
1207,0.0
1208,5673.059279999999
1209,5673.059279999999
1210,7374.977063999999
1211,0.0
1212,0.0
1213,0.0
1214,0.0
1215,0.0
1216,0.0
1217,0.0
1218,0.0
1219,0.0
1220,2269.2237119999995
1221,0.0
1222,0.0
1223,0.0
1224,0.0
1225,0.0
1226,2269.2237119999995
1227,0.0
1228,1134.6118559999998
1229,11346.118559999997
1230,0.0
1231,0.0
1232,0.0
1233,0.0
1234,0.0
1235,28365.296399999996
1236,0.0
1237,0.0
1238,0.0
1239,0.0
1240,86230.50105599998
1241,5673.059279999999
1242,0.0
1243,4538.447423999999
1244,11346.118559999999
1245,0.0
1246,0.0
1247,0.0
1248,0.0
1249,0.0
1250,0.0
1251,0.0
1252,0.0
1253,0.0
1254,0.0
1255,0.0
1256,0.0
1257,0.0
1258,0.0
1259,0.0
1260,0.0
1261,0.0
1262,0.0
1263,0.0
1264,0.0
1265,0.0
1266,0.0
1267,0.0
1268,0.0
1269,0.0
1270,0.0
1271,0.0
1272,0.0
1273,1134.6118559999998
1274,0.0
1275,0.0
1276,0.0
1277,6807.671135999999
1278,0.0
1279,1134.6118559999998
1280,5673.059279999999
1281,0.0
1282,5673.059279999999
1283,6807.671135999998
1284,0.0
1285,0.0
1286,0.0
1287,0.0
1288,0.0
1289,0.0
1290,0.0
1291,0.0
1292,0.0
1293,0.0
1294,0.0
1295,0.0
1296,0.0
1297,886.4155124999999
1298,0.0
1299,0.0
1300,0.0
1301,6807.671135999999
1302,0.0
1303,0.0
1304,0.0
1305,2269.2237119999995
1306,0.0
1307,0.0
1308,0.0
1309,0.0
1310,2269.2237119999995
1311,0.0
1312,0.0
1313,13615.342271999998
1314,0.0
1315,0.0
1316,0.0
1317,0.0
1318,1701.9177839999998
1319,0.0
1320,14749.954127999998
1321,6807.671135999999
1322,0.0
1323,1134.6118559999998
1324,0.0
1325,0.0
1326,0.0
1327,6807.671135999999
1328,0.0
1329,0.0
1330,0.0
1331,0.0
1332,0.0
1333,0.0
1334,0.0
1335,0.0
1336,0.0
1337,5673.0592799999995
1338,0.0
1339,9076.894847999998
1340,0.0
1341,0.0
1342,2269.2237119999995
1343,1134.6118559999998
1344,0.0
1345,0.0
1346,3403.8355679999995
1347,0.0
1348,0.0
1349,3403.8355679999995
1350,3971.1414959999993
1351,4538.447423999999
1352,0.0
1353,314854.7900399999
1354,3971.1414959999993
1355,4538.447423999999
1356,2269.2237119999995
1357,1701.9177839999998
1358,1134.6118559999998
1359,3403.8355679999995
1360,12480.730415999999
1361,6807.671135999999
1362,6807.671135999999
1363,3403.8355679999995
1364,4538.447423999999
1365,6807.671135999999
1366,4538.447423999999
1367,6807.671135999999
1368,5673.059279999999
1369,2269.2237119999995
1370,3403.8355679999995
1371,5673.0592799999995
1372,5673.059279999999
1373,0.0
1374,1134.6118559999998
1375,0.0
1376,0.0
1377,0.0
1378,0.0
1379,0.0
1380,1134.6118559999998
1381,0.0
1382,4538.447423999999
1383,5673.0592799999995
1384,5673.059279999999
1385,6807.671135999999
1386,4538.447423999999
1387,0.0
1388,3403.8355679999995
1389,7942.282991999999
1390,26096.072687999993
1391,0.0
1392,11346.118559999999
1393,0.0
1394,0.0
1395,5673.059279999999
1396,3403.8355679999995
1397,10211.506703999998
1398,2269.2237119999995
1399,1134.6118559999998
1400,1134.6118559999998
1401,1134.6118559999998
1402,3403.8355679999995
1403,1134.6118559999998
1404,2269.2237119999995
1405,0.0
1406,3403.8355679999995
1407,0.0
1408,5105.753351999999
1409,226.92237458140676
1410,0.0
1411,0.0
1412,0.0
1413,0.0
1414,13615.342271999998
1415,4538.447423999999
1416,2269.2237119999995
1417,27948.0
1418,3403.8355679999995
1419,9076.894847999998
1420,22692.237119999994
1421,11525.447423999998
1422,2269.2237119999995
1423,2269.2237119999995
1424,13615.342271999996
1425,4538.447423999999
1426,0.0
1427,16111.488358581404
1428,0.0
1429,2269.2237119999995
1430,1474.995426325627
1431,3403.8355679999995
1432,3403.8355679999995
1433,13974.0
1434,20961.0
1435,1134.6118559999998
1436,2269.2237119999995
1437,5673.059279999999
1438,3403.8355679999995
1439,27948.0
1440,4538.447423999999
1441,20961.0
1442,0.0
1443,9256.223711999999
1444,2269.2237119999995
1445,0.0
1446,17019.177839999997
1447,4538.447423999999
1448,5673.059279999999
1449,0.0
1450,6240.365207999999
1451,10211.506703999998
1452,6807.671135999999
1453,2836.5296399999997
1454,2269.2237119999995
1455,10211.506703999998
1456,18153.789695999996
1457,3971.1414959999993
1458,0.0
1459,0.0
1460,0.0
1461,1701.9177839999998
1462,22692.237119999994
1463,0.0
1464,0.0
1465,0.0
1466,18153.789695999996
1467,0.0
1468,0.0
1469,0.0
1470,27230.684543999996
1471,0.0
1472,11346.118559999997
1473,10211.506704
1474,0.0
1475,0.0
1476,0.0
1477,12480.730415999997
1478,0.0
1479,0.0
1480,4538.447423999999
1481,0.0
1482,0.0
1483,0.0
1484,0.0
1485,0.0
1486,6807.671135999999
1487,0.0
1488,0.0
1489,18153.789695999996
1490,2269.2237119999995
1491,1134.6118559999998
1492,5673.059279999999
1493,567.3059279999999
1494,1134.6118559999998
1495,24961.460831999997
1496,19288.401551999996
1497,4538.447423999999
1498,19288.401551999996
1499,1134.6118559999998
1500,5673.059279999999
1501,6807.671135999999
1502,13615.342271999998
1503,23826.848975999994
1504,3403.8355679999995
1505,10211.506703999998
1506,6240.365207999998
1507,2269.2237119999995
1508,4538.447423999999
1509,5105.753351999999
1510,10211.506703999998
1511,18153.789695999996
1512,567.3059279999999
1513,1134.6118559999998
1514,226.92237458140676
1515,4538.447423999999
1516,7942.282991999999
1517,5673.059279999999
1518,3403.8355679999995
1519,0.0
1520,0.0
1521,4538.447423999999
1522,10211.506703999998
1523,5673.0592799999995
1524,2269.2237119999995
1525,34038.35567999999
1526,567.3059279999999
1527,3403.8355679999995
1528,6807.671135999999
1529,9076.894847999998
1530,1134.6118559999998
1531,1134.6118559999998
1532,3403.8355679999995
1533,11346.118559999999
1534,567.3059279999999
1535,11346.118559999999
1536,2269.2237119999995
1537,13048.036343999996
1538,0.0
1539,0.0
1540,2269.2237119999995
1541,0.0
1542,0.0
1543,0.0
1544,3403.8355679999995
1545,0.0
1546,0.0
1547,0.0
1548,0.0
1549,0.0
1550,0.0
1551,0.0
1552,14749.954127999998
1553,1134.6118559999998
1554,0.0
1555,0.0
1556,1134.6118559999998
1557,4538.447423999999
1558,0.0
1559,0.0
1560,0.0
1561,2269.2237119999995
1562,3403.8355679999995
1563,6807.671135999999
1564,0.0
1565,2269.2237119999995
1566,0.0
1567,0.0
1568,2269.2237119999995
1569,0.0
1570,0.0
1571,0.0
1572,2269.2237119999995
1573,6807.671135999999
1574,0.0
1575,0.0
1576,0.0
1577,13615.342271999996
1578,3403.8355679999995
1579,0.0
1580,0.0
1581,20423.013407999995
1582,15884.565983999997
1583,7942.282991999999
1584,0.0
1585,0.0
1586,18153.789695999996
1587,2269.2237119999995
1588,4538.447423999999
1589,4538.447423999999
1590,0.0
1591,20423.013407999995
1592,0.0
1593,0.0
1594,2269.2237119999995
1595,0.0
1596,0.0
1597,0.0
1598,0.0
1599,0.0
1600,0.0
1601,0.0
1602,0.0
1603,0.0
1604,0.0
1605,0.0
1606,0.0
1607,0.0
1608,0.0
1609,0.0
1610,0.0
1611,0.0
1612,0.0
1613,0.0
1614,0.0
1615,0.0
1616,0.0
1617,0.0
1618,0.0
1619,0.0
1620,0.0
1621,0.0
1622,0.0
1623,0.0
1624,0.0
1625,0.0
1626,0.0
1627,0.0
1628,0.0
1629,0.0
1630,0.0
1631,0.0
1632,0.0
1633,0.0
1634,5673.059279999999
1635,0.0
1636,7942.282991999999
1637,0.0
1638,0.0
1639,0.0
1640,7942.282991999999
1641,2269.2237119999995
1642,2269.2237119999995
1643,0.0
1644,0.0
1645,0.0
1646,7942.282991999999
1647,0.0
1648,0.0
1649,0.0
1650,0.0
1651,0.0
1652,3403.8355679999995
1653,0.0
1654,0.0
1655,0.0
1656,4538.447423999999
1657,5673.059279999999
1658,567.3059279999999
1659,8509.588919999998
1660,3403.8355679999995
1661,3971.1414959999993
1662,3744.2191383256263
1663,12480.730415999999
1664,1134.6118559999998
1665,1134.6118559999998
1666,0.0
1667,0.0
1668,0.0
1669,2269.2237119999995
1670,0.0
1671,0.0
1672,0.0
1673,0.0
1674,0.0
1675,0.0
1676,0.0
1677,0.0
1678,0.0
1679,0.0
1680,0.0
1681,0.0
1682,0.0
1683,2836.5296399999993
1684,9076.894847999998
1685,3403.8355679999995
1686,0.0
1687,15884.565983999997
1688,0.0
1689,15955.479224999997
1690,2216.03878125
1691,17467.5
1692,0.0
1693,26592.465374999996
1694,0.0
1695,13296.232687499998
1696,15955.479224999997
1697,15955.479224999997
1698,13615.342271999998
1699,15884.565983999997
1700,0.0
1701,19944.349031249996
1702,0.0
1703,13615.342271999998
1704,2269.2237119999995
1705,11346.118559999997
1706,16633.2465375
1707,0.0
1708,0.0
1709,15884.565983999997
1710,0.0
1711,13615.342271999998
1712,0.0
1713,11346.118559999997
1714,4538.447423999999
1715,0.0
1716,28365.296399999996
1717,82826.66548799998
1718,2269.2237119999995
1719,567.3059279999999
1720,5673.059279999999
1721,0.0
1722,0.0
1723,0.0
1724,11346.118559999997
1725,17019.177839999997
1726,0.0
1727,0.0
1728,0.0
1729,0.0
1730,0.0
1731,22692.237119999994
1732,0.0
1733,0.0
1734,0.0
1735,0.0
1736,9076.894847999998
1737,19288.401551999996
1738,0.0
1739,11346.118559999997
1740,3403.8355679999995
1741,7374.977063999999
1742,6807.671135999999
1743,1928.8402093025088
1744,6240.365207999999
1745,2269.2237119999995
1746,6807.671135999999
1747,0.0
1748,0.0
1749,0.0
1750,0.0
1751,0.0
1752,0.0
1753,0.0
1754,0.0
1755,0.0
1756,0.0
1757,0.0
1758,0.0
1759,0.0
1760,0.0
1761,0.0
1762,2269.2237119999995
1763,0.0
1764,2269.2237119999995
1765,4538.447423999999
1766,3403.8355679999995
1767,2269.2237119999995
1768,2269.2237119999995
1769,1701.9177839999998
1770,0.0
1771,6807.671135999999
1772,0.0
1773,0.0
1774,0.0
1775,0.0
1776,0.0
1777,0.0
1778,0.0
1779,0.0
1780,0.0
1781,0.0
1782,0.0
1783,0.0
1784,0.0
1785,0.0
1786,0.0
1787,0.0
1788,0.0
1789,0.0
1790,0.0
1791,0.0
1792,0.0
1793,0.0
1794,0.0
1795,0.0
1796,0.0
1797,0.0
1798,0.0
1799,0.0
1800,0.0
1801,0.0
1802,0.0
1803,0.0
1804,0.0
1805,0.0
1806,0.0
1807,0.0
1808,0.0
1809,0.0
1810,0.0
1811,0.0
1812,0.0
1813,0.0
1814,0.0
1815,0.0
1816,0.0
1817,0.0
1818,0.0
1819,0.0
1820,0.0
1821,0.0
1822,0.0
1823,0.0
1824,0.0
1825,0.0
1826,0.0
1827,0.0
1828,0.0
1829,0.0
1830,0.0
1831,0.0
1832,0.0
1833,0.0
1834,0.0
1835,0.0
1836,0.0
1837,0.0
1838,0.0
1839,0.0
1840,0.0
1841,0.0
1842,0.0
1843,0.0
1844,0.0
1845,0.0
1846,0.0
1847,0.0
1848,0.0
1849,0.0
1850,0.0
1851,0.0
1852,0.0
1853,0.0
1854,0.0
1855,0.0
1856,0.0
1857,0.0
1858,0.0
1859,0.0
1860,0.0
1861,0.0
1862,0.0
1863,0.0
1864,0.0
1865,0.0
1866,0.0
1867,0.0
1868,0.0
1869,0.0
1870,0.0
1871,0.0
1872,0.0
1873,0.0
1874,0.0
1875,0.0
1876,0.0
1877,0.0
1878,0.0
1879,0.0
1880,0.0
1881,0.0
1882,0.0
1883,0.0
1884,0.0
1885,0.0
1886,0.0
1887,0.0
1888,0.0
1889,0.0
1890,0.0
1891,0.0
1892,0.0
1893,0.0
1894,0.0
1895,0.0
1896,0.0
1897,0.0
1898,0.0
1899,0.0
1900,0.0
1901,0.0
1902,0.0
1903,0.0
1904,0.0
1905,0.0
1906,0.0
1907,0.0
1908,0.0
1909,0.0
1910,0.0
1911,0.0
1912,0.0
1913,0.0
1914,0.0
1915,0.0
1916,0.0
1917,0.0
1918,0.0
1919,0.0
1920,0.0
1921,0.0
1922,0.0
1923,0.0
1924,0.0
1925,0.0
1926,0.0
1927,0.0
1928,27948.0
1929,27948.0
1930,27948.0
1931,27948.0
1932,27948.0
1933,27948.0
1934,27948.0
1935,27948.0
1936,0.0
1937,27948.0
1938,160701.0
1939,27948.0
1940,0.0
1941,0.0
1942,0.0
1943,0.0
1944,0.0
1945,0.0
1946,0.0
1947,0.0
1948,0.0
1949,0.0
1950,0.0
1951,0.0
1952,0.0
1953,0.0
1954,0.0
1955,0.0
1956,0.0
1957,0.0
1958,0.0
1959,0.0
1960,0.0
1961,0.0
1962,0.0
1963,0.0
1964,0.0
1965,0.0
1966,0.0
1967,0.0
1968,0.0
1969,0.0
1970,0.0
1971,0.0
1972,0.0
1973,0.0
1974,0.0
1975,0.0
1976,0.0
1977,0.0
1978,0.0
1979,0.0
1980,0.0
1981,0.0
1982,0.0
1983,0.0
1984,0.0
1985,0.0
1986,0.0
1987,0.0
1988,0.0
1989,0.0
1990,0.0
1991,0.0
1992,0.0
1993,0.0
1994,0.0
1995,0.0
1996,0.0
1997,0.0
1998,0.0
1999,0.0
2000,0.0
2001,0.0
2002,0.0
2003,6987.0
2004,0.0
2005,0.0
2006,0.0
2007,0.0
2008,0.0
2009,0.0
2010,0.0
2011,0.0
2012,0.0
2013,0.0
2014,0.0
2015,0.0
2016,0.0
2017,0.0
2018,0.0
2019,3403.8355679999995
2020,0.0
2021,0.0
2022,0.0
2023,0.0
2024,0.0
2025,0.0
2026,0.0
2027,0.0
2028,850.9588919999999
2029,0.0
2030,0.0
2031,0.0
2032,0.0
2033,0.0
2034,0.0
2035,0.0
2036,0.0
2037,0.0
2038,0.0
2039,0.0
2040,0.0
2041,69870.0
2042,0.0
2043,20961.0
2044,0.0
2045,6987.0
2046,0.0
2047,0.0
2048,0.0
2049,0.0
2050,0.0
2051,0.0
2052,0.0
2053,0.0
2054,0.0
2055,0.0
2056,0.0
2057,0.0
2058,0.0
2059,0.0
2060,0.0
2061,0.0
2062,0.0
2063,0.0
2064,0.0
2065,0.0
2066,0.0
2067,0.0
2068,0.0
2069,0.0
2070,0.0
2071,0.0
2072,0.0
2073,0.0
2074,0.0
2075,0.0
2076,0.0
2077,0.0
2078,69870.0
2079,34935.0
2080,0.0
2081,69870.0
2082,69870.0
2083,69870.0
2084,69870.0
2085,69870.0
2086,0.0
2087,0.0
2088,0.0
2089,0.0
2090,0.0
2091,0.0
2092,0.0
2093,0.0
2094,0.0
2095,0.0
2096,0.0
2097,0.0
2098,0.0
2099,0.0
2100,0.0
2101,0.0
2102,0.0
2103,17019.177839999997
2104,0.0
2105,0.0
2106,41922.0
2107,0.0
2108,0.0
2109,0.0
2110,0.0
2111,0.0
2112,0.0
2113,2269.2237119999995
2114,0.0
2115,0.0
2116,0.0
2117,0.0
2118,0.0
2119,0.0
2120,0.0
2121,0.0
2122,0.0
2123,0.0
2124,0.0
2125,0.0
2126,0.0
2127,0.0
2128,0.0
2129,0.0
2130,0.0
2131,0.0
2132,0.0
2133,0.0
2134,0.0
2135,0.0
2136,0.0
2137,0.0
2138,0.0
2139,0.0
2140,0.0
2141,0.0
2142,0.0
2143,0.0
2144,0.0
2145,0.0
2146,0.0
2147,0.0
2148,0.0
2149,0.0
2150,0.0
2151,0.0
2152,41922.0
2153,0.0
2154,0.0
2155,0.0
2156,0.0
2157,0.0
2158,0.0
2159,0.0
2160,0.0
2161,0.0
2162,0.0
2163,0.0
2164,0.0
2165,0.0
2166,0.0
2167,0.0
2168,6987.0
2169,27948.0
2170,0.0
2171,6807.671135999999
2172,20961.0
2173,27948.0
2174,0.0
2175,0.0
2176,195636.0
2177,0.0
2178,0.0
2179,0.0
2180,3102.4542937499996
2181,3493.5
2182,0.0
2183,0.0
2184,0.0
2185,0.0
2186,0.0
2187,1772.8310249999997
2188,3493.5
2189,10480.5
2190,0.0
2191,24648.488532
2192,20961.0
2193,5105.753352
2194,21985.570748
2195,20961.0
2196,6987.0
2197,20000.0
2198,20961.0
2199,2216.03878125
2200,0.0
2201,3545.6620499999995
2202,3493.5
2203,13974.0
2204,0.0
2205,0.0
2206,15955.479224999997
2207,0.0
2208,0.0
2209,0.0
2210,0.0
2211,0.0
2212,1134.6118559999998
2213,13974.0
2214,0.0
2215,13974.0
2216,0.0
2217,0.0
2218,0.0
2219,0.0
2220,24454.5
2221,24454.5
2222,0.0
2223,24454.5
2224,0.0
2225,10480.5
2226,24454.5
2227,0.0
2228,0.0
2229,20961.0
2230,0.0
2231,4538.447423999999
2232,0.0
2233,0.0
2234,20961.0
2235,10211.506703999998
2236,7942.282991999999
2237,0.0
2238,7942.282991999999
2239,0.0
2240,0.0
2241,0.0
2242,1772.8310249999997
2243,0.0
2244,0.0
2245,6987.0
2246,0.0
2247,3545.6620499999995
2248,0.0
2249,0.0
2250,0.0
2251,0.0
2252,0.0
2253,11080.193906249999
2254,0.0
2255,0.0
2256,0.0
2257,0.0
2258,0.0
2259,0.0
2260,0.0
2261,0.0
2262,0.0
2263,0.0
2264,0.0
2265,0.0
2266,0.0
2267,0.0
2268,0.0
2269,0.0
2270,0.0
2271,0.0
2272,0.0
2273,0.0
2274,0.0
2275,3545.6620499999995
2276,0.0
2277,0.0
2278,0.0
2279,0.0
2280,0.0
2281,0.0
2282,0.0
2283,0.0
2284,0.0
2285,0.0
2286,0.0
2287,0.0
2288,0.0
2289,0.0
2290,0.0
2291,0.0
2292,0.0
2293,0.0
2294,0.0
2295,97818.0
2296,0.0
2297,0.0
2298,3403.8355679999995
2299,13974.0
2300,0.0
2301,0.0
2302,1134.6118559999998
2303,139740.0
2304,0.0
2305,0.0
2306,0.0
2307,0.0
2308,0.0
2309,0.0
2310,0.0
2311,0.0
2312,1300000.0
2313,0.0
2314,0.0
2315,0.0
2316,0.0
2317,0.0
2318,0.0
2319,0.0
2320,0.0
2321,0.0
2322,0.0
2323,0.0
2324,0.0
2325,0.0
2326,0.0
2327,0.0
2328,0.0
2329,0.0
2330,0.0
2331,0.0
2332,0.0
2333,0.0
2334,0.0
2335,0.0
2336,0.0
2337,0.0
2338,111792.0
2339,0.0
2340,0.0
2341,0.0
2342,0.0
2343,1329.6232687499999
2344,0.0
2345,0.0
2346,0.0
2347,0.0
2348,0.0
2349,0.0
2350,0.0
2351,0.0
2352,0.0
2353,0.0
2354,0.0
2355,0.0
2356,869644.0
2357,0.0
2358,0.0
2359,20961.0
2360,0.0
2361,0.0
2362,0.0
2363,0.0
2364,0.0
2365,0.0
2366,0.0
2367,0.0
2368,0.0
2369,34935.0
2370,0.0
2371,0.0
2372,0.0
2373,0.0
2374,0.0
2375,0.0
2376,0.0
2377,0.0
2378,0.0
2379,0.0
2380,48909.0
2381,0.0
2382,0.0
2383,0.0
2384,0.0
2385,0.0
2386,0.0
2387,0.0
2388,0.0
2389,0.0
2390,0.0
2391,0.0
2392,0.0
2393,0.0
2394,0.0
2395,0.0
2396,1985.5707479999996
2397,0.0
2398,0.0
2399,0.0
2400,0.0
2401,0.0
2402,0.0
2403,0.0
2404,0.0
2405,0.0
2406,0.0
2407,0.0
2408,0.0
2409,0.0
2410,27948.0
2411,0.0
2412,27948.0
2413,0.0
2414,27948.0
2415,27948.0
2416,0.0
2417,27948.0
2418,0.0
2419,0.0
2420,0.0
2421,0.0
2422,0.0
2423,0.0
2424,0.0
2425,0.0
2426,0.0
2427,0.0
2428,0.0
2429,0.0
2430,0.0
2431,0.0
2432,0.0
2433,0.0
2434,0.0
2435,13974.0
2436,13974.0
2437,8759.831025
2438,0.0
2439,9750.570637499999
2440,0.0
2441,0.0
2442,0.0
2443,7873.4155125
2444,0.0
2445,0.0
2446,0.0
2447,0.0
2448,0.0
2449,0.0
2450,0.0
2451,0.0
2452,0.0
2453,0.0
2454,0.0
2455,0.0
2456,0.0
2457,0.0
2458,0.0
2459,0.0
2460,0.0
2461,0.0
2462,0.0
2463,0.0
2464,0.0
2465,0.0
2466,0.0
2467,0.0
2468,0.0
2469,0.0
2470,13974.0
2471,0.0
2472,0.0
2473,0.0
2474,0.0
2475,118779.0
2476,1772.8310249999997
2477,0.0
2478,125766.0
2479,0.0
2480,0.0
2481,5318.493074999999
2482,0.0
2483,42547.944599999995
2484,16841.8947375
2485,0.0
2486,16841.8947375
2487,6204.908587499999
2488,221.60387812499997
2489,221.60387812499997
2490,23046.803324999997
2491,221.60387812499997
2492,0.0
2493,0.0
2494,0.0
2495,0.0
2496,0.0
2497,0.0
2498,0.0
2499,0.0
2500,0.0
2501,0.0
2502,6987.0
2503,6987.0
2504,0.0
2505,0.0
2506,0.0
2507,27948.0
2508,0.0
2509,7091.324099999999
2510,3988.8698062499993
2511,4432.0775625
2512,4432.0775625
2513,4432.0775625
2514,0.0
2515,10636.986149999999
2516,5318.493074999999
2517,1772.8310249999997
2518,48752.85318749999
2519,3545.6620499999995
2520,4432.0775625
2521,26592.465374999996
2522,4432.0775625
2523,69870.0
2524,1329.6232687499999
2525,6204.908587499999
2526,11080.193906249999
2527,0.0
2528,0.0
2529,0.0
2530,100581.5706375
2531,81993.43490625
2532,0.0
2533,0.0
2534,0.0
2535,0.0
2536,0.0
2537,0.0
2538,886.4155124999999
2539,2659.2465374999997
2540,13974.0
2541,8864.155124999997
2542,12748.70083125
2543,0.0
2544,0.0
2545,3545.66205
2546,5318.493074999999
2547,13739.440443749998
2548,0.0
2549,3545.6620499999995
2550,0.0
2551,23933.218837499997
2552,40775.113574999996
2553,0.0
2554,0.0
2555,2216.03878125
2556,0.0
2557,0.0
2558,0.0
2559,0.0
2560,0.0
2561,0.0
2562,443.20775624999993
2563,0.0
2564,6204.908587499999
2565,0.0
2566,3102.4542937499996
2567,15303.62326875
2568,2216.03878125
2569,0.0
2570,0.0
2571,0.0
2572,4432.0775625
2573,43799.155125
2574,0.0
2575,66976.19390625
2576,2904.6063513599997
2577,17427.638108159998
2578,726.1515878399999
2579,0.0
2580,5083.06111488
2581,5083.06111488
2582,0.0
2583,3630.7579392
2584,16701.48652032
2585,0.0
2586,1452.3031756799999
2587,8713.819054079999
2588,2904.6063513599997
2589,10892.273817599998
2590,2904.6063513599997
2591,10892.273817599998
2592,10892.273817599998
2593,1452.3031756799999
2594,14523.0317568
2595,7261.5158784
2596,0.0
2597,10892.273817599998
2598,7261.5158784
2599,4356.909527039999
2600,5809.2127027199995
2601,0.0
2602,0.0
2603,1452.3031756799999
2604,2904.6063513599997
2605,0.0
2606,0.0
2607,5591.3672285321
2608,3630.7579392
2609,0.0
2610,3630.7579392
2611,816.92053632
2612,1633.84107264
2613,204.23013408
2614,3267.68214528
2615,0.0
2616,408.46026816
2617,0.0
2618,2042.3013408
2619,2450.76160896
2620,0.0
2621,0.0
2622,0.0
2623,0.0
2624,0.0
2625,1329.6232687499999
2626,0.0
2627,0.0
2628,0.0
2629,0.0
2630,0.0
2631,1108.019390625
2632,0.0
2633,443.20775624999993
2634,886.4155124999999
2635,3545.66205
2636,0.0
2637,1019.377844658448
2638,1772.8310249999997
2639,443.20775624999993
2640,2659.2465374999997
2641,886.4155124999999
2642,443.20775624999993
2643,6204.908587499999
2644,1329.6232687499999
2645,3102.4542937499996
2646,8864.155125
2647,2216.03878125
2648,664.8116343749999
2649,0.0
2650,886.4155124999999
2651,0.0
2652,0.0
2653,443.20775624999993
2654,0.0
2655,0.0
2656,0.0
2657,1329.6232687499999
2658,0.0
2659,886.4155124999999
2660,886.4155124999999
2661,2659.2465374999997
2662,1329.6232687499999
2663,2216.03878125
2664,0.0
2665,4432.0775625
2666,886.4155124999999
2667,0.0
2668,1329.6232687499999
2669,0.0
2670,1329.6232687499999
2671,1329.6232687499999
2672,3191.0958449999994
2673,765.8630332326613
2674,1276.4383379999997
2675,12764.383379999997
2676,9573.287534999998
2677,1276.4383379999997
2678,638.2191689999999
2679,957.3287534999997
2680,5105.753351999999
2681,3191.0958449999994
2682,4467.534182999999
2683,1276.4383379999997
2684,638.2191689999999
2685,4467.534182999999
2686,3191.0958449999994
2687,0.0
2688,1276.4383379999997
2689,1914.6575069999994
2690,5743.972520999999
2691,3191.0958449999994
2692,17870.136731999995
2693,2659.2465374999997
2694,2659.2465374999997
2695,1329.6232687499999
2696,6648.116343749999
2697,4432.0775625
2698,6648.116343749999
2699,1772.8310249999997
2700,3829.315013999999
2701,6382.191689999998
2702,6382.191689999999
2703,54886.84853399999
2704,4467.534182999999
2705,6382.191689999999
2706,2552.8766759999994
2707,3829.315013999999
2708,8935.068365999998
2709,3829.315013999999
2710,5105.753351999999
2711,6382.191689999999
2712,7658.630027999998
2713,10849.725872999998
2714,9573.287534999998
2715,18508.355900999995
2716,6382.191689999999
2717,7020.410858999998
2718,15955.479224999995
2719,6382.191689999999
2720,13974.0
2721,0.0
2722,0.0
2723,0.0
2724,0.0
2725,0.0
2726,0.0
2727,0.0
2728,0.0
2729,0.0
2730,8864.155125
2731,0.0
2732,0.0
2733,0.0
2734,0.0
2735,0.0
2736,0.0
2737,0.0
2738,0.0
2739,0.0
2740,0.0
2741,0.0
2742,0.0
2743,0.0
2744,0.0
2745,0.0
2746,0.0
2747,0.0
2748,0.0
2749,0.0
2750,0.0
2751,0.0
2752,0.0
2753,0.0
2754,0.0
2755,0.0
2756,0.0
2757,0.0
2758,0.0
2759,0.0
2760,0.0
2761,0.0
2762,0.0
2763,0.0
2764,0.0
2765,0.0
2766,0.0
2767,0.0
2768,223584.0
2769,0.0
2770,0.0
2771,0.0
2772,0.0
2773,0.0
2774,0.0
2775,0.0
2776,0.0
2777,0.0
2778,0.0
2779,0.0
2780,0.0
2781,0.0
2782,0.0
2783,0.0
2784,0.0
2785,0.0
2786,0.0
2787,0.0
2788,0.0
2789,0.0
2790,0.0
2791,0.0
2792,0.0
2793,0.0
2794,0.0
2795,0.0
2796,0.0
2797,25000.0
2798,0.0
2799,0.0
2800,0.0
2801,0.0
2802,0.0
2803,0.0
2804,0.0
2805,0.0
2806,0.0
2807,0.0
2808,0.0
2809,0.0
2810,0.0
2811,0.0
2812,0.0
2813,0.0
2814,0.0
2815,0.0
2816,0.0
2817,0.0
2818,886.4155124999999
2819,0.0
2820,0.0
2821,0.0
2822,0.0
2823,0.0
2824,0.0
2825,0.0
2826,0.0
2827,0.0
2828,0.0
2829,0.0
2830,0.0
2831,0.0
2832,0.0
2833,0.0
2834,0.0
2835,0.0
2836,0.0
2837,0.0
2838,0.0
2839,0.0
2840,0.0
2841,0.0
2842,0.0
2843,0.0
2844,0.0
2845,0.0
2846,0.0
2847,0.0
2848,0.0
2849,0.0
2850,0.0
2851,0.0
2852,0.0
2853,0.0
2854,0.0
2855,0.0
2856,0.0
2857,3545.6620499999995
2858,0.0
2859,0.0
2860,0.0
2861,0.0
2862,0.0
2863,886.4155124999999
2864,0.0
2865,886.4155124999999
2866,4432.0775625
2867,1329.6232687499999
2868,0.0
2869,0.0
2870,0.0
2871,3102.4542937499996
2872,1329.6232687499999
2873,2659.2465374999997
2874,2659.2465374999997
2875,1772.8310249999997
2876,1772.8310249999997
2877,0.0
2878,886.4155124999999
2879,443.20775624999993
2880,3545.6620499999995
2881,11523.401662499999
2882,0.0
2883,25262.84210625
2884,0.0
2885,2216.03878125
2886,9307.36288125
2887,4432.0775625
2888,0.0
2889,4432.0775625
2890,6648.116343749999
2891,15069.063712499998
2892,0.0
2893,886.4155124999999
2894,0.0
2895,6648.116343749999
2896,0.0
2897,0.0
2898,3545.6620499999995
2899,3102.4542937499996
2900,2659.2465374999997
2901,0.0
2902,4432.0775625
2903,4432.0775625
2904,0.0
2905,0.0
2906,4432.0775625
2907,17728.31025
2908,2216.03878125
2909,886.4155124999999
2910,6648.116343749999
2911,3102.4542937499996
2912,2659.2465374999997
2913,1772.8310249999997
2914,3545.6620499999995
2915,1772.8310249999997
2916,2659.2465374999997
2917,10636.986149999999
2918,7977.7396125
2919,2216.03878125
2920,443.20775624999993
2921,3545.6620499999995
2922,2216.03878125
2923,886.4155124999999
2924,3545.6620499999995
2925,0.0
2926,443.20775624999993
2927,5318.493074999999
2928,0.0
2929,1329.6232687499999
2930,1772.8310249999997
2931,443.20775624999993
2932,1329.6232687499999
2933,0.0
2934,0.0
2935,2659.2465374999997
2936,886.4155124999999
2937,0.0
2938,0.0
2939,0.0
2940,886.4155124999999
2941,13296.2326875
2942,8864.155125
2943,11523.401662499999
2944,1772.8310249999997
2945,0.0
2946,1772.8310249999997
2947,4432.0775625
2948,0.0
2949,0.0
2950,886.4155124999999
2951,2659.2465374999997
2952,2659.2465374999997
2953,6648.116343749999
2954,11523.401662499999
2955,886.4155124999999
2956,2659.2465374999997
2957,886.4155124999999
2958,2216.03878125
2959,10636.986149999999
2960,0.0
2961,0.0
2962,0.0
2963,2216.03878125
2964,3545.66205
2965,3102.4542937499996
2966,0.0
2967,886.4155124999999
2968,221.60387812499997
2969,4432.0775625
2970,4432.0775625
2971,0.0
2972,4432.0775625
2973,0.0
2974,2880.8504156249996
2975,5318.493074999999
2976,3102.4542937499996
2977,1772.8310249999997
2978,443.20775624999993
2979,0.0
2980,3102.4542937499996
2981,886.4155124999999
2982,886.4155124999999
2983,2659.2465374999997
2984,2216.03878125
2985,5540.096953124999
2986,0.0
2987,0.0
2988,2216.03878125
2989,221.60387812499997
2990,2216.03878125
2991,0.0
2992,0.0
2993,886.4155124999999
2994,7091.324099999999
2995,0.0
2996,0.0
2997,3988.86980625
2998,14625.855956249998
2999,0.0
3000,0.0
3001,0.0
3002,0.0
3003,0.0
3004,0.0
3005,0.0
3006,0.0
3007,0.0
3008,0.0
3009,0.0
3010,443.20775624999993
3011,0.0
3012,0.0
3013,3545.6620499999995
3014,7534.531856249999
3015,443.20775624999993
3016,0.0
3017,0.0
3018,0.0
3019,443.20775624999993
3020,1329.6232687499999
3021,0.0
3022,886.4155124999999
3023,0.0
3024,0.0
3025,0.0
3026,0.0
3027,0.0
3028,0.0
3029,0.0
3030,0.0
3031,0.0
3032,0.0
3033,0.0
3034,0.0
3035,0.0
3036,0.0
3037,0.0
3038,0.0
3039,0.0
3040,0.0
3041,0.0
3042,0.0
3043,0.0
3044,0.0
3045,0.0
3046,0.0
3047,3545.6620499999995
3048,0.0
3049,0.0
3050,0.0
3051,0.0
3052,0.0
3053,0.0
3054,0.0
3055,0.0
3056,0.0
3057,0.0
3058,0.0
3059,0.0
3060,0.0
3061,0.0
3062,0.0
3063,0.0
3064,0.0
3065,0.0
3066,0.0
3067,6648.116343749999
3068,2216.03878125
3069,0.0
3070,1329.6232687499999
3071,0.0
3072,0.0
3073,0.0
3074,0.0
3075,17728.31025
3076,0.0
3077,0.0
3078,0.0
3079,0.0
3080,0.0
3081,0.0
3082,0.0
3083,0.0
3084,0.0
3085,0.0
3086,0.0
3087,0.0
3088,0.0
3089,0.0
3090,0.0
3091,0.0
3092,0.0
3093,0.0
3094,0.0
3095,0.0
3096,2659.2465374999997
3097,0.0
3098,0.0
3099,0.0
3100,0.0
3101,0.0
3102,0.0
3103,0.0
3104,443.20775624999993
3105,443.20775624999993
3106,0.0
3107,886.4155124999999
3108,443.20775624999993
3109,2216.03878125
3110,443.20775624999993
3111,0.0
3112,886.4155124999999
3113,0.0
3114,886.4155124999999
3115,1772.8310249999997
3116,443.20775624999993
3117,1329.6232687499999
3118,0.0
3119,0.0
3120,2216.03878125
3121,0.0
3122,886.4155124999999
3123,0.0
3124,4432.0775625
3125,443.20775624999993
3126,2659.2465374999997
3127,443.20775624999993
3128,664.8116343749999
3129,1329.6232687499999
3130,7534.53185625
3131,2216.03878125
3132,443.20775624999993
3133,886.4155124999999
3134,443.20775624999993
3135,0.0
3136,1329.6232687499999
3137,886.4155124999999
3138,3102.4542937499996
3139,2659.2465374999997
3140,886.4155124999999
3141,1329.6232687499999
3142,0.0
3143,443.20775624999993
3144,443.20775624999993
3145,443.20775624999993
3146,443.20775624999993
3147,0.0
3148,0.0
3149,0.0
3150,0.0
3151,0.0
3152,0.0
3153,0.0
3154,0.0
3155,0.0
3156,0.0
3157,0.0
3158,0.0
3159,0.0
3160,0.0
3161,0.0
3162,0.0
3163,0.0
3164,0.0
3165,0.0
3166,0.0
3167,0.0
3168,0.0
3169,0.0
3170,0.0
3171,0.0
3172,0.0
3173,0.0
3174,0.0
3175,0.0
3176,0.0
3177,0.0
3178,0.0
3179,0.0
3180,0.0
3181,0.0
3182,0.0
3183,0.0
3184,0.0
3185,0.0
3186,886.4155124999999
3187,0.0
3188,0.0
3189,0.0
3190,0.0
3191,4432.0775625
3192,0.0
3193,0.0
3194,0.0
3195,0.0
3196,0.0
3197,0.0
3198,0.0
3199,0.0
3200,0.0
3201,0.0
3202,0.0
3203,0.0
3204,0.0
3205,0.0
3206,0.0
3207,0.0
3208,0.0
3209,0.0
3210,0.0
3211,0.0
3212,0.0
3213,0.0
3214,0.0
3215,0.0
3216,0.0
3217,0.0
3218,0.0
3219,0.0
3220,0.0
3221,0.0
3222,20961.0
3223,20961.0
3224,13615.342271999998
3225,27948.0
3226,4538.447423999999
3227,10000.0
3228,0.0
3229,0.0
3230,0.0
3231,0.0
3232,0.0
3233,0.0
3234,0.0
3235,0.0
3236,0.0
3237,0.0
3238,0.0
3239,0.0
3240,41922.0
3241,3102.4542937499996
3242,0.0
3243,0.0
3244,34935.0
3245,0.0
3246,0.0
3247,0.0
3248,17019.177839999997
3249,0.0
3250,0.0
3251,0.0
3252,17019.177839999997
3253,20961.0
3254,17019.177839999997
3255,20961.0
3256,0.0
3257,17019.177839999997
3258,11346.118559999997
3259,0.0
3260,0.0
3261,0.0
3262,0.0
3263,0.0
3264,0.0
3265,0.0
3266,0.0
3267,0.0
3268,0.0
3269,0.0
3270,1701.9177839999998
3271,0.0
3272,0.0
3273,0.0
3274,0.0
3275,0.0
3276,0.0
3277,0.0
3278,0.0
3279,0.0
3280,0.0
3281,0.0
3282,0.0
3283,0.0
3284,0.0
3285,0.0
3286,0.0
3287,0.0
3288,0.0
3289,0.0
3290,0.0
3291,0.0
3292,0.0
3293,0.0
3294,0.0
3295,0.0
3296,0.0
3297,0.0
3298,0.0
3299,0.0
3300,0.0
3301,0.0
3302,0.0
3303,0.0
3304,0.0
3305,0.0
3306,0.0
3307,0.0
3308,0.0
3309,0.0
3310,0.0
3311,0.0
3312,0.0
3313,0.0
3314,0.0
3315,0.0
3316,5318.493074999999
3317,0.0
3318,0.0
3319,0.0
3320,0.0
3321,0.0
3322,0.0
3323,0.0
3324,0.0
3325,0.0
3326,0.0
3327,0.0
3328,0.0
3329,0.0
3330,0.0
3331,0.0
3332,0.0
3333,0.0
3334,0.0
3335,0.0
3336,0.0
3337,0.0
3338,0.0
3339,0.0
3340,0.0
3341,0.0
3342,0.0
3343,0.0
3344,0.0
3345,0.0
3346,27948.0
3347,27948.0
3348,0.0
3349,0.0
3350,0.0
3351,139740.0
3352,0.0
3353,0.0
3354,27948.0
3355,0.0
3356,0.0
3357,0.0
3358,0.0
3359,0.0
3360,0.0
3361,0.0
3362,0.0
3363,0.0
3364,0.0
3365,0.0
3366,0.0
3367,0.0
3368,0.0
3369,0.0
3370,0.0
3371,0.0
3372,0.0
3373,0.0
3374,62049.08587499999
3375,0.0
3376,0.0
3377,0.0
3378,0.0
3379,0.0
3380,0.0
3381,0.0
3382,0.0
3383,0.0
3384,0.0
3385,0.0
3386,0.0
3387,0.0
3388,0.0
3389,3102.4542937499996
3390,0.0
3391,0.0
3392,0.0
3393,0.0
3394,0.0
3395,0.0
3396,0.0
3397,0.0
3398,0.0
3399,0.0
3400,0.0
3401,0.0
3402,0.0
3403,0.0
3404,1701.9177839999995
3405,0.0
3406,1772.8310249999997
3407,0.0
3408,443.20775624999993
3409,2659.2465374999997
3410,0.0
3411,0.0
3412,0.0
3413,0.0
3414,567.3059279999999
3415,4254.794459999999
3416,0.0
3417,0.0
3418,283.65296399999994
3419,5673.059279999999
3420,0.0
3421,1418.2648199999999
3422,0.0
3423,0.0
3424,0.0
3425,1701.9177839999998
3426,0.0
3427,0.0
3428,0.0
3429,0.0
3430,0.0
3431,443.20775624999993
3432,886.4155124999999
3433,1329.6232687499999
3434,1772.8310249999997
3435,0.0
3436,0.0
3437,1772.8310249999997
3438,0.0
3439,0.0
3440,0.0
3441,1329.6232687499999
3442,1108.019390625
3443,3988.86980625
3444,2216.0387812499994
3445,443.20775624999993
3446,1772.8310249999997
3447,2659.2465374999997
3448,0.0
3449,886.4155124999999
3450,0.0
3451,1329.6232687499999
3452,443.20775624999993
3453,0.0
3454,0.0
3455,0.0
3456,1772.8310249999997
3457,0.0
3458,0.0
3459,443.20775624999993
3460,5318.493074999999
3461,0.0
3462,3102.4542937499996
3463,443.20775624999993
3464,2659.2465374999997
3465,8864.155125
3466,0.0
3467,1329.6232687499999
3468,9307.36288125
3469,1329.6232687499999
3470,1772.8310249999997
3471,8864.155125
3472,8864.155125
3473,2659.2465374999997
3474,4432.0775625
3475,886.4155124999999
3476,2659.2465374999997
3477,1329.6232687499999
3478,2216.03878125
3479,886.4155124999999
3480,6204.908587499999
3481,7091.324099999999
3482,1772.8310249999997
3483,886.4155124999999
3484,0.0
3485,2659.2465374999997
3486,2216.03878125
3487,1772.8310249999997
3488,2216.0387812499994
3489,2437.6426593749998
3490,886.4155124999999
3491,5318.493074999999
3492,6648.116343749999
3493,1329.6232687499999
3494,22160.387812499997
3495,13296.232687499998
3496,22160.387812499997
3497,16398.686981249997
3498,4432.0775625
3499,3102.4542937499996
3500,7977.7396125
3501,21273.972299999998
3502,5318.493074999999
3503,4432.0775625
3504,17728.31025
3505,3545.6620499999995
3506,9750.570637499999
3507,4432.0775625
3508,2216.03878125
3509,11080.193906249999
3510,6648.116343749999
3511,26592.465374999996
3512,4432.0775625
3513,15512.271468749997
3514,13296.232687499998
3515,9307.36288125
3516,4432.0775625
3517,5761.700831249999
3518,66481.16343749998
3519,2216.03878125
3520,18614.7257625
3521,6648.116343749999
3522,2659.2465374999997
3523,2659.2465374999997
3524,7977.739612499999
3525,4432.0775625
3526,4432.0775625
3527,20830.76454375
3528,2659.2465374999997
3529,4432.0775625
3530,2216.03878125
3531,0.0
3532,4432.0775625
3533,1772.8310249999997
3534,12853.024931249998
3535,886.4155124999999
3536,7977.739612499999
3537,4875.2853187499995
3538,8864.155125
3539,1329.6232687499999
3540,2216.03878125
3541,3545.6620499999995
3542,2659.2465374999997
3543,2659.2465374999997
3544,8864.155125
3545,886.4155124999999
3546,2216.03878125
3547,7091.324099999999
3548,2216.03878125
3549,13296.232687499998
3550,4875.2853187499995
3551,2659.2465374999997
3552,6648.116343749999
3553,13296.232687499998
3554,3545.66205
3555,20830.764543749996
3556,4432.0775625
3557,2216.03878125
3558,4432.0775625
3559,1329.6232687499999
3560,2216.03878125
3561,8864.155125
3562,5318.493074999999
3563,886.4155124999999
3564,1772.8310249999997
3565,5318.493074999999
3566,8864.155125
3567,12853.024931249998
3568,3988.8698062499993
3569,26592.465374999996
3570,5318.493074999999
3571,4432.0775625
3572,46536.81440624999
3573,26592.465374999996
3574,3545.6620499999995
3575,13296.232687499998
3576,22160.387812499997
3577,22160.387812499997
3578,14182.6482
3579,77561.35734374999
3580,22160.387812499997
3581,22160.387812499997
3582,886.4155124999999
3583,15512.271468749997
3584,3988.8698062499993
3585,0.0
3586,0.0
3587,3545.6620499999995
3588,1772.8310249999997
3589,0.0
3590,2216.03878125
3591,2216.03878125
3592,1329.6232687499999
3593,0.0
3594,0.0
3595,15512.271468749997
3596,8864.155125
3597,0.0
3598,17728.31025
3599,4432.0775625
3600,0.0
3601,886.4155124999999
3602,1772.8310249999997
3603,6648.116343749999
3604,2216.03878125
3605,7977.7396125
3606,13296.2326875
3607,0.0
3608,0.0
3609,0.0
3610,1329.6232687499999
3611,443.20775624999993
3612,4432.0775625
3613,3988.86980625
3614,0.0
3615,1329.6232687499999
3616,443.20775624999993
3617,4432.0775625
3618,0.0
3619,0.0
3620,1772.8310249999997
3621,886.4155124999999
3622,664.8116343749999
3623,0.0
3624,0.0
3625,443.20775624999993
3626,1772.8310249999997
3627,886.4155124999999
3628,3545.6620499999995
3629,0.0
3630,4432.0775625
3631,0.0
3632,11523.401662499999
3633,14182.648199999998
3634,0.0
3635,3102.4542937499996
3636,8864.155125
3637,0.0
3638,6204.908587499999
3639,3545.6620499999995
3640,2216.03878125
3641,0.0
3642,0.0
3643,0.0
3644,0.0
3645,0.0
3646,0.0
3647,0.0
3648,0.0
3649,0.0
3650,0.0
3651,0.0
3652,0.0
3653,0.0
3654,0.0
3655,0.0
3656,0.0
3657,0.0
3658,0.0
3659,0.0
3660,0.0
3661,0.0
3662,0.0
3663,0.0
3664,0.0
3665,9750.570637499999
3666,22160.387812499997
3667,4432.0775625
3668,0.0
3669,1772.8310249999997
3670,8864.155125
3671,13974.0
3672,0.0
3673,0.0
3674,11080.193906249999
3675,230571.0
3676,0.0
3677,0.0
3678,0.0
3679,0.0
3680,0.0
3681,4432.0775625
3682,6648.116343749999
3683,9750.570637499999
3684,13296.232687499998
3685,22160.387812499997
3686,13296.232687499998
3687,3102.4542937499996
3688,5761.700831249999
3689,17728.31025
3690,6648.11634375
3691,0.0
3692,0.0
3693,0.0
3694,0.0
3695,310245.42937499995
3696,167688.0
3697,0.0
3698,0.0
3699,0.0
3700,0.0
3701,0.0
3702,0.0
3703,0.0
3704,0.0
3705,0.0
3706,0.0
3707,0.0
3708,0.0
3709,0.0
3710,0.0
3711,0.0
3712,0.0
3713,18614.7257625
3714,0.0
3715,0.0
3716,0.0
3717,0.0
3718,0.0
3719,0.0
3720,0.0
3721,0.0
3722,0.0
3723,0.0
3724,0.0
3725,0.0
3726,0.0
3727,0.0
3728,0.0
3729,0.0
3730,0.0
3731,0.0
3732,0.0
3733,0.0
3734,0.0
3735,0.0
3736,0.0
3737,0.0
3738,0.0
3739,0.0
3740,0.0
3741,0.0
3742,0.0
3743,0.0
3744,0.0
3745,0.0
3746,0.0
3747,0.0
3748,0.0
3749,13974.0
3750,0.0
3751,0.0
3752,0.0
3753,0.0
3754,0.0
3755,0.0
3756,0.0
3757,0.0
3758,0.0
3759,0.0
3760,443.20775624999993
3761,443.20775624999993
3762,1329.6232687499999
3763,2216.03878125
3764,443.20775624999993
3765,0.0
3766,0.0
3767,0.0
3768,0.0
3769,0.0
3770,886.4155124999999
3771,1329.6232687499999
3772,4875.2853187499995
3773,6648.116343749999
3774,17728.31025
3775,7091.324099999999
3776,3545.6620499999995
3777,15512.271468749997
3778,531.8493286337927
3779,3102.4542937499996
3780,7977.739612499999
3781,0.0
3782,1329.6232687499999
3783,0.0
3784,443.20775624999993
3785,1329.6232687499999
3786,0.0
3787,0.0
3788,0.0
3789,0.0
3790,886.4155124999999
3791,0.0
3792,332405.81718749995
3793,0.0
3794,0.0
3795,443.20775624999993
3796,0.0
3797,0.0
3798,0.0
3799,12409.817174999998
3800,0.0
3801,0.0
3802,0.0
3803,3102.4542937499996
3804,2659.2465374999997
3805,6648.116343749999
3806,0.0
3807,0.0
3808,0.0
3809,0.0
3810,0.0
3811,0.0
3812,1329.6232687499999
3813,3102.4542937499996
3814,1329.6232687499999
3815,3102.4542937499996
3816,1772.8310249999997
3817,1329.6232687499999
3818,2659.2465374999997
3819,664.8116343749999
3820,5761.700831249999
3821,3102.4542937499996
3822,1329.6232687499999
3823,2216.03878125
3824,664.8116343749999
3825,8864.155125
3826,1329.6232687499999
3827,1772.8310249999997
3828,1329.6232687499999
3829,0.0
3830,2659.2465374999997
3831,1108.019390625
3832,3102.4542937499996
3833,1905.793330741207
3834,1108.019390625
3835,0.0
3836,1551.2271468749998
3837,2659.2465374999997
3838,4432.0775625
3839,55400.96953124999
3840,2216.03878125
3841,11080.193906249999
3842,4432.0775625
3843,4432.0775625
3844,8864.155125
3845,6648.116343749999
3846,3545.6620499999995
3847,3545.6620499999995
3848,3988.8698062499993
3849,4432.0775625
3850,664.8116343749999
3851,664.8116343749999
3852,1329.6232687499999
3853,1772.8310249999997
3854,3988.86980625
3855,2216.03878125
3856,2437.6426593749998
3857,3767.265928125
3858,6648.116343749999
3859,44320.775624999995
3860,6204.908587499999
3861,3545.6620499999995
3862,3545.6620499999995
3863,31024.542937499995
3864,0.0
3865,88641.55124999999
3866,8864.155125
3867,11523.401662499999
3868,17728.31025
3869,4432.0775625
3870,3545.6620499999995
3871,5318.493074999999
3872,6648.116343749999
3873,13739.440443749998
3874,12409.817174999998
3875,4432.0775625
3876,84209.4736875
3877,13296.232687499998
3878,21717.18005625
3879,9750.570637499999
3880,1329.6232687499999
3881,22160.387812499997
3882,88641.55124999999
3883,463540.775625
3884,12853.024931249998
3885,1329.6232687499999
3886,0.0
3887,1329.6232687499999
3888,4432.0775625
3889,2216.03878125
3890,28808.504156249997
3891,11966.609418749998
3892,5761.700831249999
3893,0.0
3894,0.0
3895,0.0
3896,0.0
3897,2216.03878125
3898,20387.556787499998
3899,4875.2853187499995
3900,3988.8698062499993
3901,7977.739612499999
3902,0.0
3903,0.0
3904,18614.7257625
3905,0.0
3906,20387.556787499998
3907,664811.6343749999
3908,11080.193906249999
3909,17728.31025
3910,0.0
3911,221603.87812499996
3912,8864.155125
3913,458720.02771874995
3914,11080.193906249999
3915,83323.05817499998
3916,14625.855956249998
3917,0.0
3918,0.0
3919,0.0
3920,11080.193906249999
3921,22160.387812499997
3922,22160.387812499997
3923,0.0
3924,7091.324099999999
3925,4432.0775625
3926,6648.116343749999
3927,8864.155125
3928,8864.155125
3929,13296.232687499998
3930,13296.232687499998
3931,11080.193906249999
3932,6648.116343749999
3933,17728.31025
3934,22160.387812499997
3935,17728.31025
3936,26592.465374999996
3937,26592.465374999996
3938,22160.387812499997
3939,17728.31025
3940,8864.155125
3941,19944.349031249996
3942,4432.0775625
3943,11080.193906249999
3944,8864.155125
3945,17728.31025
3946,22160.387812499997
3947,26592.465374999996
3948,0.0
3949,2216.03878125
3950,5761.700831249999
3951,1329.6232687499999
3952,0.0
3953,17728.31025
3954,6648.116343749999
3955,15069.063712499998
3956,0.0
3957,17728.31025
3958,7091.324099999999
3959,5318.493074999999
3960,11080.193906249999
3961,35456.6205
3962,2216.03878125
3963,7091.324099999999
3964,3545.6620499999995
3965,88641.55124999999
3966,9307.36288125
3967,8420.94736875
3968,57617.008312499995
3969,9750.570637499999
3970,17728.31025
3971,13296.2326875
3972,8864.155125
3973,0.0
3974,5761.700831249999
3975,0.0
3976,39888.69806249999
3977,57617.008312499995
3978,15512.271468749997
3979,17728.31025
3980,21717.180056249996
3981,8864.155125
3982,26592.465375
3983,5318.493074999999
3984,0.0
3985,0.0
3986,0.0
3987,7091.324099999999
3988,2216.03878125
3989,0.0
3990,0.0
3991,4432.0775625
3992,5761.700831249999
3993,0.0
3994,886.4155124999999
3995,26592.465374999996
3996,5318.493074999999
3997,4432.0775625
3998,70913.241
3999,0.0
4000,443.20775624999993
4001,0.0
4002,0.0
4003,0.0
4004,1329.6232687499999
4005,11523.401662499999
4006,9750.570637499999
4007,12409.817174999998
4008,8420.94736875
4009,0.0
4010,9307.36288125
4011,12409.817174999998
4012,11966.609418749998
4013,886.4155124999999
4014,4875.2853187499995
4015,0.0
4016,2659.2465374999997
4017,7977.739612499999
4018,443.20775624999993
4019,0.0
4020,2659.2465374999997
4021,2659.2465374999997
4022,15069.063712499998
4023,7534.53185625
4024,8864.155125
4025,18614.7257625
4026,11966.609418749998
4027,7977.7396125
4028,15512.271468749997
4029,9750.570637499999
4030,13296.2326875
4031,11080.193906249999
4032,0.0
4033,4432.0775625
4034,4432.0775625
4035,8864.155125
4036,17285.102493749997
4037,4432.0775625
4038,7534.531856249999
4039,17728.31025
4040,11966.609418749998
4041,886.4155124999999
4042,5761.700831249999
4043,11523.401662499999
4044,8864.155125
4045,3545.6620499999995
4046,2216.03878125
4047,664.8116343749999
4048,0.0
4049,886.4155124999999
4050,124098.17174999998
4051,9750.570637499999
4052,886.4155124999999
4053,2659.2465374999997
4054,4432.0775625
4055,4432.0775625
4056,6648.116343749999
4057,1329.6232687499999
4058,11966.609418749998
4059,0.0
4060,5318.493074999999
4061,0.0
4062,9750.570637499999
4063,7091.3241
4064,0.0
4065,886.4155124999999
4066,5540.096953124999
4067,13296.2326875
4068,6648.116343749999
4069,0.0
4070,2659.2465374999997
4071,6204.908587499999
4072,4875.2853187499995
4073,4432.0775625
4074,36343.0360125
4075,2659.2465374999997
4076,6204.908587499999
4077,4432077.562499999
4078,0.0
4079,0.0
4080,8864.155125
4081,4432.0775625
4082,0.0
4083,11080.193906249999
4084,17728.31025
4085,0.0
4086,0.0
4087,0.0
4088,19944.349031249996
4089,0.0
4090,0.0
4091,5761.700831249999
4092,22160.387812499997
4093,5318.493074999999
4094,132962.32687499997
4095,0.0
4096,6648.116343749999
4097,8864.155125
4098,4432.0775625
4099,4432.0775625
4100,11080.193906249999
4101,0.0
4102,0.0
4103,11080.193906249999
4104,6648.116343749999
4105,3324.0581718749995
4106,17728.31025
4107,44320.775624999995
4108,2216.03878125
4109,0.0
4110,28808.504156249994
4111,4432.0775625
4112,11966.609418749998
4113,11080.193906249999
4114,66481.16343749998
4115,2659.2465374999997
4116,0.0
4117,6648.116343749999
4118,0.0
4119,7091.324099999999
4120,9307.36288125
4121,2659.2465374999997
4122,0.0
4123,0.0
4124,0.0
4125,11080.193906249999
4126,0.0
4127,0.0
4128,8864.155125
4129,7534.53185625
4130,8864.155125
4131,14625.855956249998
4132,0.0
4133,17728.31025
4134,44320.775624999995
4135,13296.2326875
4136,0.0
4137,3545.6620499999995
4138,17728.31025
4139,1329.6232687499999
4140,2216.03878125
4141,4875.2853187499995
4142,1329.6232687499999
4143,2216.03878125
4144,7534.53185625
4145,8420.94736875
4146,14625.855956249998
4147,4875.2853187499995
4148,0.0
4149,13296.232687499998
4150,8864.155125
4151,17728.31025
4152,22160.387812499997
4153,4432.0775625
4154,14182.648199999998
4155,5318.493074999999
4156,22603.59556875
4157,2216.03878125
4158,8864.155125
4159,21273.972299999998
4160,19944.34903125
4161,5318.493074999999
4162,21273.972299999998
4163,8420.94736875
4164,13296.232687499998
4165,49196.060943749995
4166,97505.706375
4167,4432.0775625
4168,15512.271468749997
4169,6648.116343749999
4170,27478.880887499996
4171,2216.03878125
4172,2216.03878125
4173,29251.711912499995
4174,1329.6232687499999
4175,13296.2326875
4176,3545.6620499999995
4177,2216.03878125
4178,13296.232687499998
4179,6204.908587499999
4180,13296.232687499998
4181,6648.116343749999
4182,6648.116343749999
4183,3988.8698062499993
4184,6648.116343749999
4185,3102.4542937499996
4186,8864.155125
4187,5318.493074999999
4188,10193.778393749999
4189,0.0
4190,0.0
4191,0.0
4192,0.0
4193,4432.0775625
4194,2659.2465374999997
4195,6648.116343749999
4196,2216.03878125
4197,6648.116343749999
4198,4432.0775625
4199,8864.155125
4200,0.0
4201,0.0
4202,886.4155124999999
4203,1772.8310249999997
4204,3545.6620499999995
4205,2216.03878125
4206,3545.6620499999995
4207,12409.817174999998
4208,0.0
4209,0.0
4210,197227.45153124997
4211,13739.440443749998
4212,0.0
4213,6648.116343749999
4214,4432.0775625
4215,0.0
4216,8864.155125
4217,17728.31025
4218,3545.66205
4219,3545.66205
4220,8864.155125
4221,23933.218837499997
4222,0.0
4223,15512.271468749997
4224,0.0
4225,11080.193906249999
4226,0.0
4227,3545.6620499999995
4228,17728.31025
4229,5318.493074999999
4230,443.20775624999993
4231,2216.03878125
4232,4432.0775625
4233,4432.0775625
4234,13296.232687499998
4235,2659.2465374999997
4236,1772.8310249999997
4237,28808.504156249997
4238,13974.0
4239,6987.0
4240,7091.324099999999
4241,33240.58171874999
4242,5318.493074999999
4243,6648.116343749999
4244,0.0
4245,2216.03878125
4246,4432.0775625
4247,4432.0775625
4248,88641.55124999999
4249,66481.16343749998
4250,1329.6232687499999
4251,2216.03878125
4252,13296.2326875
4253,2216.03878125
4254,7977.739612499999
4255,2216.03878125
4256,0.0
4257,886.4155124999999
4258,1772.8310249999997
4259,1772.8310249999997
4260,3102.4542937499996
4261,4432.0775625
4262,5761.700831249999
4263,17728.31025
4264,8864.155125
4265,0.0
4266,13296.232687499998
4267,8864.155125
4268,13296.232687499998
4269,8864.155125
4270,5318.493074999999
4271,4432.0775625
4272,35456.6205
4273,8864.155125
4274,11080.193906249999
4275,6648.116343749999
4276,132962.32687499997
4277,8864.155125
4278,2216.03878125
4279,6648.116343749999
4280,8864.155125
4281,0.0
4282,4432.0775625
4283,22160.387812499997
4284,4432.0775625
4285,4432.0775625
4286,11080.193906249999
4287,16841.8947375
4288,7091.324099999999
4289,11080.193906249999
4290,17728.31025
4291,15512.271468749997
4292,13296.232687499998
4293,4432.0775625
4294,0.0
4295,44320.775624999995
4296,2216.03878125
4297,8864.155125
4298,4432.0775625
4299,3988.86980625
4300,0.0
4301,1329.6232687499999
4302,0.0
4303,3102.4542937499996
4304,2216.03878125
4305,3545.6620499999995
4306,1772.8310249999997
4307,2216.03878125
4308,6204.908587499999
4309,1329.6232687499999
4310,5761.700831249999
4311,7091.324099999999
4312,2216.03878125
4313,2659.2465374999997
4314,0.0
4315,8420.94736875
4316,0.0
4317,6204.908587499999
4318,14182.648199999998
4319,6648.116343749999
4320,5761.700831249999
4321,4432.0775625
4322,886.4155124999999
4323,6648.11634375
4324,7977.739612499999
4325,5318.493074999999
4326,10193.778393749999
4327,1329.6232687499999
4328,22160.387812499997
4329,9750.570637499999
4330,6648.116343749999
4331,0.0
4332,13296.232687499998
4333,13296.232687499998
4334,14625.855956249998
4335,13296.232687499998
4336,19501.141274999998
4337,0.0
4338,3545.6620499999995
4339,4432.0775625
4340,13739.440443749998
4341,6648.116343749999
4342,8864.155125
4343,3545.6620499999995
4344,13296.232687499998
4345,0.0
4346,0.0
4347,4432.0775625
4348,0.0
4349,6204.908587499999
4350,5318.493074999999
4351,39888.69806249999
4352,5761.700831249999
4353,0.0
4354,13296.232687499998
4355,0.0
4356,0.0
4357,7977.739612499999
4358,1772.8310249999997
4359,11523.401662499999
4360,0.0
4361,886.4155124999999
4362,35899.828256249995
4363,3102.4542937499996
4364,0.0
4365,14182.6482
4366,5761.700831249999
4367,0.0
4368,0.0
4369,0.0
4370,443.20775624999993
4371,16841.8947375
4372,15512.271468749997
4373,13739.440443749998
4374,0.0
4375,0.0
4376,7977.7396125
4377,443.20775624999993
4378,443.20775624999993
4379,0.0
4380,2659.2465374999997
4381,0.0
4382,0.0
4383,4875.2853187499995
4384,576170.0831249999
4385,88641.55124999999
4386,12576.599666833878
4387,0.0
4388,761583.0
4389,0.0
4390,132962.32687499997
4391,0.0
4392,0.0
4393,0.0
4394,0.0
4395,0.0
4396,0.0
4397,0.0
4398,0.0
4399,0.0
4400,0.0
4401,0.0
4402,0.0
4403,4432.0775625
4404,10193.778393749999
4405,2216.03878125
4406,0.0
4407,3545.6620499999995
4408,0.0
4409,21273.972299999998
4410,0.0
4411,6648.116343749999
4412,664.8116343749999
4413,31024.542937499995
4414,0.0
4415,22160.387812499997
4416,0.0
4417,1329.6232687499999
4418,13296.232687499998
4419,0.0
4420,88641.55124999999
4421,0.0
4422,0.0
4423,8864.155125
4424,0.0
4425,8864.155125
4426,0.0
4427,0.0
4428,14182.648199999998
4429,0.0
4430,62049.08587499999
4431,1772.8310249999997
4432,29694.919668749997
4433,39888.69806249999
4434,18171.518006249997
4435,155122.71468749997
4436,6648.116343749999
4437,5318.493074999999
4438,4432.0775625
4439,11080.193906249999
4440,4432.0775625
4441,5318.493074999999
4442,2216.03878125
4443,1329.6232687499999
4444,11080.193906249999
4445,6648.116343749999
4446,12853.024931249998
4447,4432.0775625
4448,3545.6620499999995
4449,19501.141274999998
4450,3545.6620499999995
4451,886.4155124999999
4452,0.0
4453,2216.03878125
4454,2659.2465374999997
4455,3102.4542937499996
4456,3988.8698062499993
4457,443.20775624999993
4458,11080.193906249999
4459,11080.193906249999
4460,12409.817174999998
4461,11080.193906249999
4462,21273.972299999998
4463,14182.648199999998
4464,11080.193906249999
4465,5761.700831249999
4466,5318.493074999999
4467,8864.155125
4468,11080.193906249999
4469,10636.986149999999
4470,9750.570637499999
4471,5318.493074999999
4472,2216.03878125
4473,14625.855956249998
4474,13296.232687499998
4475,2216.03878125
4476,63378.70914374999
4477,0.0
4478,4432.0775625
4479,0.0
4480,13296.232687499998
4481,11080.193906249999
4482,31910.958449999995
4483,0.0
4484,17728.31025
4485,0.0
4486,44320.775624999995
4487,46536.81440624999
4488,0.0
4489,4432.0775625
4490,0.0
4491,11080.193906249999
4492,13296.232687499998
4493,8864.155125
4494,11080.193906249999
4495,8864.155125
4496,7977.739612499999
4497,2216.03878125
4498,0.0
4499,4432.0775625
4500,0.0
4501,2659.2465374999997
4502,2216.03878125
4503,2659.2465374999997
4504,0.0
4505,0.0
4506,0.0
4507,0.0
4508,15512.271468749997
4509,0.0
4510,8296.849196999998
4511,0.0
4512,4467.534182999999
4513,0.0
4514,0.0
4515,6382.191689999999
4516,0.0
4517,1276.4383379999997
4518,0.0
4519,0.0
4520,0.0
4521,886.4155124999999
4522,443.20775624999993
4523,886.4155124999999
4524,3545.6620499999995
4525,1772.8310249999997
4526,1772.8310249999997
4527,886.4155124999999
4528,886.4155124999999
4529,886.4155124999999
4530,886.4155124999999
4531,22160.387812499997
4532,5318.493074999999
4533,11487.945041999998
4534,10211.506703999998
4535,6382.191689999999
4536,1276.4383379999997
4537,7977.7396125
4538,8935.068365999998
4539,9573.287534999998
4540,39888.6980625
4541,0.0
4542,11966.609418749998
4543,4432.0775625
4544,42104.73684374999
4545,14625.855956249998
4546,0.0
4547,44320.775624999995
4548,6648.116343749999
4549,8864.155125
4550,27922.088643749998
4551,8864.155125
4552,4432.0775625
4553,13739.440443749998
4554,0.0
4555,8864.155125
4556,0.0
4557,0.0
4558,2216.03878125
4559,443.20775624999993
4560,15512.271468749997
4561,487528.5318749999
4562,11080.193906249999
4563,0.0
4564,17728.31025
4565,15512.271468749997
4566,5105.753351999999
4567,0.0
4568,0.0
4569,0.0
4570,0.0
4571,0.0
4572,0.0
4573,0.0
4574,6987.0
4575,3102.4542937499996
4576,0.0
4577,0.0
4578,0.0
4579,22160.387812499997
4580,0.0
4581,0.0
4582,5743.972520999999
4583,2233.7670914999994
4584,1276.4383379999997
4585,638.2191689999999
4586,1276.4383379999997
4587,31272.73928099999
4588,3191.0958449999994
4589,2552.8766759999994
4590,3191.0958449999994
4591,0.0
4592,2552.8766759999994
4593,3191.0958449999994
4594,3829.315013999999
4595,3191.0958449999994
4596,3829.315013999999
4597,638.2191689999999
4598,638.2191689999999
4599,28081.64343599999
4600,3191.0958449999994
4601,7658.630027999998
4602,9573.287534999998
4603,2552.8766759999994
4604,0.0
4605,3829.315013999999
4606,3829.315013999999
4607,10849.725872999998
4608,7658.630027999998
4609,6382.191689999999
4610,15955.479224999997
4611,0.0
4612,12126.164210999998
4613,0.0
4614,6382.191689999999
4615,3829.315013999999
4616,54248.629364999986
4617,41484.245984999994
4618,638.2191689999999
4619,28719.862604999995
4620,1276.4383379999997
4621,6063.082105499999
4622,2552.8766759999994
4623,3191.0958449999994
4624,3829.315013999999
4625,6382.191689999998
4626,2552.8766759999994
4627,6382.191689999999
4628,22337.670914999995
4629,8935.068365999998
4630,12764.383379999997
4631,3191.0958449999994
4632,7020.410858999999
4633,5105.753351999999
4634,0.0
4635,0.0
4636,0.0
4637,0.0
4638,0.0
4639,0.0
4640,0.0
4641,0.0
4642,0.0
4643,0.0
4644,0.0
4645,0.0
4646,7658.630027999998
4647,0.0
4648,0.0
4649,0.0
4650,0.0
4651,4467.534182999999
4652,3829.3150139999993
4653,0.0
4654,0.0
4655,63821.91689999998
4656,0.0
4657,0.0
4658,0.0
4659,0.0
4660,0.0
4661,2552.8766759999994
4662,1276.4383379999997
4663,10211.506703999998
4664,12764.383379999997
4665,3829.315013999999
4666,15955.479224999997
4667,9573.287534999998
4668,9573.287534999998
4669,6382.191689999999
4670,0.0
4671,0.0
4672,0.0
4673,638.2191689999999
4674,1595.5479224999995
4675,1276.4383379999997
4676,0.0
4677,1914.6575069999994
4678,638.2191689999999
4679,1914.6575069999994
4680,2552.8766759999994
4681,6382.191689999999
4682,8296.849196999998
4683,12764.383379999997
4684,3191.0958449999994
4685,5105.753351999999
4686,3829.315013999999
4687,3829.315013999999
4688,3403.8355679999995
4689,1134.6118559999998
4690,1134.6118559999998
4691,2269.2237119999995
4692,2269.2237119999995
4693,2269.2237119999995
4694,7942.282991999999
4695,1134.6118559999998
4696,2269.2237119999995
4697,2269.2237119999995
4698,3403.8355679999995
4699,3403.8355679999995
4700,3403.8355679999995
4701,10530.616288499998
4702,3829.3150139999993
4703,1276.4383379999997
4704,20742.122992499993
4705,3191.0958449999994
4706,8935.068365999998
4707,1914.6575069999994
4708,9573.287534999998
4709,3191.0958449999994
4710,5105.753351999999
4711,638.2191689999999
4712,10849.725872999998
4713,3191.095844999999
4714,3829.315013999999
4715,1914.6575069999994
4716,3191.0958449999994
4717,3829.315013999999
4718,13615.342271999998
4719,13615.342271999996
4720,3403.8355679999995
4721,7942.282991999999
4722,22692.237119999994
4723,3403.8355679999995
4724,5105.753351999999
4725,7942.282991999999
4726,7942.282991999999
4727,3403.8355679999995
4728,9076.894847999998
4729,7942.282991999999
4730,20423.013407999995
4731,0.0
4732,2269.2237119999995
4733,2269.2237119999995
4734,6807.671135999999
4735,6807.671135999999
4736,5105.753352
4737,0.0
4738,2269.2237119999995
4739,20423.013407999995
4740,0.0
4741,10211.506703999998
4742,3829.315013999999
4743,3191.0958449999994
4744,19146.575069999995
4745,3191.0958449999994
4746,5105.753351999999
4747,0.0
4748,319.1095844999999
4749,3829.3150139999993
4750,12126.164210999998
4751,2552.8766759999994
4752,5105.753351999999
4753,10636.986149999999
4754,2659.2465374999997
4755,4432.0775625
4756,3191.0958449999994
4757,22160.387812499997
4758,13296.232687499998
4759,6648.116343749999
4760,6648.116343749999
4761,6648.116343749999
4762,6648.116343749999
4763,2216.03878125
4764,6648.116343749999
4765,9750.570637499999
4766,6648.116343749999
4767,44320.775624999995
4768,32354.166206249996
4769,5318.493074999999
4770,0.0
4771,4653.681440625
4772,8864.155125
4773,4432.0775625
4774,49196.060943749995
4775,3545.6620499999995
4776,0.0
4777,6382.191689999999
4778,41922.0
4779,0.0
4780,638.2191689999999
4781,0.0
4782,0.0
4783,17231.917562999995
4784,4432.0775625
4785,0.0
4786,1329.6232687499999
4787,7091.324099999999
4788,2659.2465374999997
4789,0.0
4790,0.0
4791,9750.570637499999
4792,2216.03878125
4793,7091.324099999999
4794,886.4155124999999
4795,4875.2853187499995
4796,4432.0775625
4797,5318.493074999999
4798,3988.8698062499993
4799,13296.232687499998
4800,0.0
4801,2216.03878125
4802,4432.0775625
4803,0.0
4804,5318.493074999999
4805,15512.271468749997
4806,0.0
4807,6648.116343749999
4808,1772.8310249999997
4809,0.0
4810,3102.4542937499996
4811,2216.03878125
4812,15512.271468749997
4813,2216.03878125
4814,21717.18005625
4815,0.0
4816,19944.349031249996
4817,0.0
4818,4432.0775625
4819,0.0
4820,8864.155125
4821,3545.6620499999995
4822,13296.232687499998
4823,10636.986149999999
4824,0.0
4825,4432.0775625
4826,3102.4542937499996
4827,0.0
4828,0.0
4829,4432.0775625
4830,6648.116343749999
4831,2216.03878125
4832,7977.739612499999
4833,0.0
4834,0.0
4835,33240.58171874999
4836,44320.775624999995
4837,22160.387812499997
4838,26592.465374999996
4839,4432.0775625
4840,22160.387812499997
4841,4467.534182999999
4842,319.1095844999999
4843,3829.315013999999
4844,638.2191689999999
4845,1276.4383379999997
4846,1276.4383379999997
4847,9573.287534999998
4848,3191.0958449999994
4849,1276.4383379999997
4850,638.2191689999999
4851,24376.426593749995
4852,4432.0775625
4853,12409.817174999998
4854,22160.387812499997
4855,8864.155125
4856,2659.2465374999997
4857,55400.96953125
4858,2216.03878125
4859,95732.87534999997
4860,4432.0775625
4861,2216.03878125
4862,7091.3241
4863,5105.753351999999
4864,5105.753351999999
4865,4467.534182999999
4866,3829.315013999999
4867,2552.8766759999994
4868,21061.232576999995
4869,10211.506703999998
4870,0.0
4871,3829.315013999999
4872,0.0
4873,638.2191689999999
4874,3545.6620499999995
4875,1985.5707479999996
4876,221.60387812499997
4877,1914.6575069999994
4878,0.0
4879,6648.116343749999
4880,22160.387812499997
4881,8864.155125
4882,17728.31025
4883,3545.6620499999995
4884,2659.2465374999997
4885,2216.03878125
4886,22160.387812499997
4887,2216.03878125
4888,0.0
4889,0.0
4890,0.0
4891,0.0
4892,0.0
4893,0.0
4894,0.0
4895,0.0
4896,0.0
4897,0.0
4898,0.0
4899,0.0
4900,0.0
4901,0.0
4902,0.0
4903,0.0
4904,0.0
4905,0.0
4906,0.0
4907,0.0
4908,0.0
4909,13974.0
4910,0.0
4911,0.0
4912,0.0
4913,27948.0
4914,0.0
4915,0.0
4916,9076.894847999998
4917,6807.671135999999
4918,30634.520111999995
4919,0.0
4920,0.0
4921,0.0
4922,5673.059279999999
4923,6807.671135999999
4924,11346.118559999997
4925,0.0
4926,0.0
4927,10211.506703999998
4928,20961.0
4929,0.0
4930,0.0
4931,51057.53351999999
4932,41922.0
4933,34935.0
4934,31441.5
4935,24454.5
4936,0.0
4937,0.0
4938,10390.835567999999
4939,0.0
4940,0.0
4941,0.0
4942,0.0
4943,0.0
4944,0.0
4945,0.0
4946,0.0
4947,0.0
4948,0.0
4949,0.0
4950,0.0
4951,0.0
4952,0.0
4953,0.0
4954,0.0
4955,0.0
4956,0.0
4957,0.0
4958,0.0
4959,0.0
4960,0.0
4961,20961.0
4962,0.0
4963,0.0
4964,0.0
4965,13974.0
4966,12660.059279999998
4967,14541.305928
4968,11346.118559999997
4969,0.0
4970,0.0
4971,1329.6232687499999
4972,2269.2237119999995
4973,8935.068365999998
4974,69870.0
4975,0.0
4976,5105.753351999999
4977,13974.0
4978,0.0
4979,0.0
4980,6987.0
4981,6987.0
4982,2836.5296399999993
4983,3403.8355679999995
4984,30217.223712
4985,6987.0
4986,13974.0
4987,2552.8766759999994
4988,0.0
4989,0.0
4990,0.0
4991,0.0
4992,0.0
4993,0.0
4994,0.0
4995,0.0
4996,0.0
4997,20961.0
4998,0.0
4999,0.0
5000,0.0
5001,0.0
5002,0.0
5003,4467.534182999999
5004,7658.630027999998
5005,13974.0
5006,43836.657506999996
5007,2552.8766759999994
5008,3829.315013999999
5009,1914.6575069999994
5010,3191.0958449999994
5011,20961.0
5012,6987.0
5013,139740.0
5014,11080.193906249999
5015,104805.0
5016,27948.0
5017,3102.4542937499996
5018,104805.0
5019,0.0
5020,12853.024931249998
5021,0.0
5022,34935.0
5023,55896.0
5024,24252.328421999995
5025,785800.0
5026,0.0
5027,0.0
5028,0.0
5029,0.0
5030,34935.0
5031,0.0
5032,0.0
5033,0.0
5034,0.0
5035,0.0
5036,14679.040886999996
5037,101311.5
5038,0.0
5039,0.0
5040,0.0
5041,0.0
5042,0.0
5043,0.0
5044,0.0
5045,0.0
5046,0.0
5047,0.0
5048,0.0
5049,0.0
5050,0.0
5051,0.0
5052,0.0
5053,0.0
5054,0.0
5055,0.0
5056,0.0
5057,0.0
5058,10816.315014
5059,0.0
5060,0.0
5061,0.0
5062,0.0
5063,0.0
5064,0.0
5065,0.0
5066,0.0
5067,0.0
5068,0.0
5069,0.0
5070,0.0
5071,0.0
5072,0.0
5073,0.0
5074,0.0
5075,0.0
5076,0.0
5077,0.0
5078,0.0
5079,0.0
5080,0.0
5081,0.0
5082,0.0
5083,0.0
5084,0.0
5085,0.0
5086,1914.6575069999994
5087,0.0
5088,0.0
5089,6987.0
5090,0.0
5091,0.0
5092,0.0
5093,0.0
5094,0.0
5095,0.0
5096,0.0
5097,0.0
5098,0.0
5099,0.0
5100,0.0
5101,0.0
5102,0.0
5103,0.0
5104,0.0
5105,5318.493074999999
5106,0.0
5107,6987.0
5108,0.0
5109,0.0
5110,2659.2465374999997
5111,0.0
5112,6987.0
5113,2659.2465374999997
5114,0.0
5115,8864.155125
5116,48909.0
5117,27948.0
5118,13974.0
5119,8864.155125
5120,139740.0
5121,0.0
5122,3102.4542937499996
5123,6987.0
5124,88641.55124999999
5125,13974.0
5126,0.0
5127,97818.0
5128,0.0
5129,0.0
5130,0.0
5131,0.0
5132,0.0
5133,0.0
5134,0.0
5135,0.0
5136,0.0
5137,0.0
5138,0.0
5139,0.0
5140,0.0
5141,0.0
5142,0.0
5143,0.0
5144,0.0
5145,0.0
5146,0.0
5147,0.0
5148,0.0
5149,0.0
5150,0.0
5151,0.0
5152,0.0
5153,0.0
5154,0.0
5155,0.0
5156,0.0
5157,0.0
5158,0.0
5159,171304400.0
5160,0.0
5161,0.0
5162,2659.2465374999997
5163,0.0
5164,0.0
5165,0.0
5166,0.0
5167,0.0
5168,0.0
5169,0.0
5170,0.0
5171,0.0
5172,0.0
5173,13296.232687499998
5174,0.0
5175,0.0
5176,0.0
5177,0.0
5178,443207.7562499999
5179,0.0
5180,0.0
5181,0.0
5182,0.0
5183,0.0
5184,0.0
5185,0.0
5186,0.0
5187,0.0
5188,0.0
5189,0.0
5190,0.0
5191,0.0
5192,0.0
5193,0.0
5194,0.0
5195,0.0
5196,450000.0
5197,0.0
5198,0.0
5199,0.0
5200,0.0
5201,0.0
5202,7858000.0
5203,0.0
5204,0.0
5205,0.0
5206,0.0
5207,0.0
5208,0.0
5209,0.0
5210,0.0
5211,0.0
5212,0.0
5213,0.0
5214,0.0
5215,0.0
5216,0.0
5217,0.0
5218,0.0
5219,0.0
5220,0.0
5221,0.0
5222,2216.03878125
5223,0.0
5224,0.0
5225,443.20775624999993
5226,0.0
5227,0.0
5228,0.0
5229,443.20775624999993
5230,3102.4542937499996
5231,0.0
5232,0.0
5233,0.0
5234,0.0
5235,0.0
5236,0.0
5237,0.0
5238,0.0
5239,0.0
5240,0.0
5241,0.0
5242,0.0
5243,0.0
5244,0.0
5245,0.0
5246,0.0
5247,0.0
5248,0.0
5249,0.0
5250,0.0
5251,0.0
5252,0.0
5253,0.0
5254,0.0
5255,0.0
5256,0.0
5257,0.0
5258,0.0
5259,0.0
5260,0.0
5261,0.0
5262,0.0
5263,0.0
5264,0.0
5265,0.0
5266,0.0
5267,0.0
5268,0.0
5269,443.20775624999993
5270,0.0
5271,0.0
5272,785800.0
5273,0.0
5274,0.0
5275,0.0
5276,0.0
5277,0.0
5278,0.0
5279,0.0
5280,0.0
5281,0.0
5282,0.0
5283,0.0
5284,0.0
5285,0.0
5286,0.0
5287,0.0
5288,0.0
5289,0.0
5290,0.0
5291,0.0
5292,0.0
5293,0.0
5294,0.0
5295,0.0
5296,0.0
5297,0.0
5298,0.0
5299,0.0
5300,0.0
5301,0.0
5302,0.0
5303,62492.293631249995
5304,0.0
5305,14625.855956249998
5306,0.0
5307,14625.855956249998
5308,13296.232687499998
5309,64082.3878125
5310,2216.03878125
5311,17728.31025
5312,3545.6620499999995
5313,0.0
5314,4875.2853187499995
5315,10193.778393749999
5316,0.0
5317,118779.0
5318,153714.0
5319,0.0
5320,167688.0
5321,0.0
5322,0.0
5323,139740.0
5324,97818.0
5325,0.0
5326,0.0
5327,0.0
5328,0.0
5329,0.0
5330,0.0
5331,0.0
5332,0.0
5333,0.0
5334,0.0
5335,191465.75069999995
5336,0.0
5337,0.0
5338,0.0
5339,0.0
5340,0.0
5341,0.0
5342,0.0
5343,0.0
5344,0.0
5345,0.0
5346,0.0
5347,0.0
5348,0.0
5349,0.0
5350,0.0
5351,0.0
5352,0.0
5353,0.0
5354,886.4155124999999
5355,0.0
5356,221.60387812499997
5357,0.0
5358,20961.0
5359,0.0
5360,0.0
5361,886.4155124999999
5362,0.0
5363,6987.0
5364,0.0
5365,0.0
5366,0.0
5367,0.0
5368,0.0
5369,886.4155124999999
5370,0.0
5371,0.0
5372,0.0
5373,0.0
5374,443.20775624999993
5375,0.0
5376,1772.8310249999997
5377,0.0
5378,0.0
5379,0.0
5380,0.0
5381,0.0
5382,0.0
5383,0.0
5384,0.0
5385,886.4155124999999
5386,0.0
5387,0.0
5388,0.0
5389,0.0
5390,0.0
5391,0.0
5392,0.0
5393,0.0
5394,0.0
5395,0.0
5396,0.0
5397,0.0
5398,0.0
5399,0.0
5400,0.0
5401,0.0
5402,0.0
5403,11080.193906249999
5404,0.0
5405,6648.116343749999
5406,0.0
5407,0.0
5408,8864.155125
5409,4875.2853187499995
5410,0.0
5411,0.0
5412,0.0
5413,0.0
5414,0.0
5415,0.0
5416,0.0
5417,0.0
5418,0.0
5419,0.0
5420,0.0
5421,0.0
5422,0.0
5423,13974.0
5424,69870.0
5425,4432.0775625
5426,0.0
5427,0.0
5428,6987.0
5429,0.0
5430,0.0
5431,0.0
5432,0.0
5433,0.0
5434,0.0
5435,0.0
5436,0.0
5437,0.0
5438,0.0
5439,0.0
5440,0.0
5441,0.0
5442,0.0
5443,0.0
5444,0.0
5445,0.0
5446,27948.0
5447,0.0
5448,0.0
5449,0.0
5450,0.0
5451,0.0
5452,0.0
5453,0.0
5454,0.0
5455,0.0
5456,0.0
5457,0.0
5458,0.0
5459,0.0
5460,78447.77285625
5461,0.0
5462,6869.720221874999
5463,1329.6232687499999
5464,886.4155124999999
5465,4432.0775625
5466,7430.20775625
5467,0.0
5468,3102.4542937499996
5469,0.0
5470,11080.193906249999
5471,20961.0
5472,0.0
5473,13974.0
5474,17728.31025
5475,0.0
5476,6987.0
5477,0.0
5478,0.0
5479,555.9598094399998
5480,0.0
5481,0.0
5482,0.0
5483,27948.0
5484,27797.99047199999
5485,0.0
5486,0.0
5487,0.0
5488,0.0
5489,0.0
5490,0.0
5491,0.0
5492,0.0
5493,0.0
5494,0.0
5495,0.0
5496,0.0
5497,0.0
5498,41922.0
5499,46093.606649999994
5500,44474.876676
5501,44320.775624999995
5502,75605.789475
5503,46093.606649999994
5504,0.0
5505,54886.84853399999
5506,0.0
5507,0.0
5508,0.0
5509,0.0
5510,0.0
5511,0.0
5512,0.0
5513,0.0
5514,0.0
5515,0.0
5516,0.0
5517,0.0
5518,0.0
5519,0.0
5520,0.0
5521,0.0
5522,0.0
5523,0.0
5524,0.0
5525,0.0
5526,0.0
5527,11080.193906249999
5528,26592.465374999996
5529,6987.0
5530,0.0
5531,11080.193906249999
5532,12409.817174999998
5533,6648.116343749999
5534,1329.6232687499999
5535,11080.193906249999
5536,4432.0775625
5537,0.0
5538,0.0
5539,39888.6980625
5540,0.0
5541,0.0
5542,11966.609418749998
5543,13296.232687499998
5544,5761.700831249999
5545,31024.5429375
5546,1772.8310249999997
5547,17728.31025
5548,0.0
5549,3988.8698062499993
5550,0.0
5551,0.0
5552,4875.2853187499995
5553,0.0
5554,0.0
5555,5761.700831249999
5556,0.0
5557,2659.2465374999997
5558,0.0
5559,0.0
5560,0.0
5561,3988.8698062499993
5562,0.0
5563,0.0
5564,0.0
5565,0.0
5566,0.0
5567,0.0
5568,0.0
5569,0.0
5570,0.0
5571,0.0
5572,0.0
5573,31024.542937499995
5574,0.0
5575,0.0
5576,0.0
5577,0.0
5578,0.0
5579,0.0
5580,0.0
5581,0.0
5582,0.0
5583,0.0
5584,1914.6575069999994
5585,1329.6232687499999
5586,664.8116343749999
5587,886.4155124999999
5588,1772.8310249999997
5589,664.8116343749999
5590,886.4155124999999
5591,1329.6232687499999
5592,886.4155124999999
5593,443.20775624999993
5594,443.20775624999993
5595,443.20775624999993
5596,0.0
5597,8864.155125
5598,8420.94736875
5599,7091.324099999999
5600,5761.700831249999
5601,15069.063712499998
5602,15512.271468749997
5603,1772.8310249999997
5604,13296.232687499998
5605,22160.387812499997
5606,1329.6232687499999
5607,17285.102493749997
5608,35456.6205
5609,10849.725872999998
5610,5318.493074999999
5611,0.0
5612,15512.271468749997
5613,8864.155125
5614,5318.493074999999
5615,26592.465374999996
5616,6987.0
5617,0.0
5618,9750.570637499999
5619,17728.31025
5620,33240.58171874999
5621,62049.08587499999
5622,124098.17174999998
5623,84209.4736875
5624,35456.6205
5625,1772.8310249999997
5626,3545.6620499999995
5627,50968.891968749995
5628,62049.08587499999
5629,36343.03601249999
5630,0.0
5631,886.4155124999999
5632,0.0
5633,0.0
5634,0.0
5635,0.0
5636,5318.493074999999
5637,0.0
5638,0.0
5639,0.0
5640,886.4155124999999
5641,6648.116343749999
5642,9750.570637499999
5643,2216.03878125
5644,6987.0
5645,4432.0775625
5646,83844.0
5647,5318.493074999999
5648,18171.518006249997
5649,0.0
5650,0.0
5651,0.0
5652,0.0
5653,0.0
5654,0.0
5655,27948.0
5656,0.0
5657,0.0
5658,0.0
5659,0.0
5660,0.0
5661,11080.193906249999
5662,14182.6482
5663,7091.3241
5664,6987.0
5665,10636.986149999999
5666,25262.84210625
5667,12764.383379999997
5668,9646.2465375
5669,5540.096953124999
5670,1772.8310249999997
5671,15922.068365999998
5672,163253.876676
5673,50185.438338
5674,177227.876676
5675,15250.438338
5676,90831.0
5677,104805.0
5678,34935.0
5679,69870.0
5680,69870.0
5681,0.0
5682,76857.0
5683,0.0
5684,0.0
5685,0.0
5686,0.0
5687,0.0
5688,0.0
5689,0.0
5690,0.0
5691,0.0
5692,0.0
5693,0.0
5694,0.0
5695,0.0
5696,0.0
5697,0.0
5698,0.0
5699,0.0
5700,0.0
5701,0.0
5702,0.0
5703,0.0
5704,0.0
5705,0.0
5706,0.0
5707,0.0
5708,0.0
5709,0.0
5710,0.0
5711,0.0
5712,0.0
5713,0.0
5714,0.0
5715,0.0
5716,0.0
5717,0.0
5718,0.0
5719,0.0
5720,0.0
5721,0.0
5722,0.0
5723,0.0
5724,0.0
5725,0.0
5726,0.0
5727,0.0
5728,0.0
5729,0.0
5730,0.0
5731,0.0
5732,0.0
5733,0.0
5734,0.0
5735,0.0
5736,0.0
5737,0.0
5738,0.0
5739,0.0
5740,0.0
5741,0.0
5742,0.0
5743,0.0
5744,0.0
5745,0.0
5746,0.0
5747,55896.0
5748,0.0
5749,0.0
5750,0.0
5751,0.0
5752,0.0
5753,0.0
5754,0.0
5755,0.0
5756,0.0
5757,0.0
5758,0.0
5759,0.0
5760,0.0
5761,0.0
5762,0.0
5763,0.0
5764,22692.237119999994
5765,6987.0
5766,0.0
5767,0.0
5768,0.0
5769,0.0
5770,41922.0
5771,0.0
5772,55896.0
5773,69870.0
5774,69870.0
5775,139740.0
5776,0.0
5777,69870.0
5778,0.0
5779,69870.0
5780,419220.0
5781,293454.0
5782,83844.0
5783,0.0
5784,0.0
5785,0.0
5786,0.0
5787,0.0
5788,0.0
5789,0.0
5790,0.0
5791,0.0
5792,0.0
5793,0.0
5794,0.0
5795,0.0
5796,0.0
5797,0.0
5798,0.0
5799,0.0
5800,0.0
5801,0.0
5802,0.0
5803,0.0
5804,0.0
5805,0.0
5806,0.0
5807,0.0
5808,0.0
5809,0.0
5810,0.0
5811,0.0
5812,0.0
5813,0.0
5814,0.0
5815,0.0
5816,0.0
5817,0.0
5818,0.0
5819,0.0
5820,0.0
5821,0.0
5822,0.0
5823,0.0
5824,0.0
5825,524025.0
5826,0.0
5827,0.0
5828,0.0
5829,0.0
5830,0.0
5831,0.0
5832,0.0
5833,1571600.0
5834,0.0
5835,0.0
5836,0.0
5837,0.0
5838,0.0
5839,1571600.0
5840,34935.0
5841,0.0
5842,209610.0
5843,0.0
5844,0.0
5845,139740.0
5846,0.0
5847,69870.0
5848,0.0
5849,0.0
5850,0.0
5851,0.0
5852,69870.0
5853,0.0
5854,20961.0
5855,0.0
5856,0.0
5857,0.0
5858,670752.0
5859,785800.0
5860,0.0
5861,447168.0
5862,223584.0
5863,0.0
5864,0.0
5865,0.0
5866,7091.324099999999
5867,785800.0
5868,0.0
5869,1571600.0
5870,1571600.0
5871,447168.0
5872,0.0
5873,10000.0
5874,0.0
5875,13974.0
5876,0.0
5877,0.0
5878,0.0
5879,1571600.0
5880,0.0
5881,0.0
5882,0.0
5883,0.0
5884,785800.0
5885,139740.0
5886,0.0
5887,0.0
5888,0.0
5889,0.0
5890,0.0
5891,0.0
5892,0.0
5893,0.0
5894,0.0
5895,104805.0
5896,244545.0
5897,0.0
5898,0.0
5899,0.0
5900,785800.0
5901,0.0
5902,785800.0
5903,0.0
5904,1571600.0
5905,230571.0
5906,0.0
5907,0.0
5908,321402.0
5909,0.0
5910,0.0
5911,0.0
5912,0.0
5913,0.0
5914,0.0
5915,0.0
5916,0.0
5917,0.0
5918,0.0
5919,0.0
5920,447168.0
5921,412233.0
5922,405246.0
5923,0.0
5924,0.0
5925,1523166.0
5926,0.0
5927,342363.0
5928,447168.0
5929,670752.0
5930,670752.0
5931,0.0
5932,656778.0
5933,447168.0
5934,447168.0
5935,188649.0
5936,670752.0
5937,447168.0
5938,0.0
5939,0.0
5940,0.0
5941,0.0
5942,0.0
5943,0.0
5944,0.0
5945,0.0
5946,0.0
5947,0.0
5948,0.0
5949,0.0
5950,524025.0
5951,419220.0
5952,139740.0
5953,0.0
5954,279480.0
5955,419220.0
5956,0.0
5957,489090.0
5958,433194.0
5959,0.0
5960,551973.0
5961,349350.0
5962,0.0
5963,433194.0
5964,391272.0
5965,62883.0
5966,447168.0
5967,48909.0
5968,628830.0
5969,34935.0
5970,0.0
5971,139740.0
5972,349350.0
5973,698700.0
5974,244545.0
5975,0.0
5976,0.0
5977,0.0
5978,419220.0
5979,419220.0
5980,0.0
5981,0.0
5982,0.0
5983,489090.0
5984,419220.0
5985,0.0
5986,335376.0
5987,13974.0
5988,349350.0
5989,0.0
5990,419220.0
5991,0.0
5992,447168.0
5993,209610.0
5994,454155.0
5995,0.0
5996,0.0
5997,0.0
5998,0.0
5999,0.0
6000,0.0
6001,0.0
6002,0.0
6003,0.0
6004,0.0
6005,0.0
6006,104805.0
6007,0.0
6008,0.0
6009,0.0
6010,20961.0
6011,0.0
6012,0.0
6013,69870.0
6014,0.0
6015,0.0
6016,0.0
6017,0.0
6018,0.0
6019,0.0
6020,0.0
6021,0.0
6022,0.0
6023,0.0
6024,0.0
6025,0.0
6026,0.0
6027,0.0
6028,0.0
6029,0.0
6030,0.0
6031,0.0
6032,0.0
6033,0.0
6034,0.0
6035,454155.0
6036,0.0
6037,0.0
6038,0.0
6039,209610.0
6040,0.0
6041,0.0
6042,0.0
6043,0.0
6044,785800.0
6045,1065280.0
6046,785800.0
6047,0.0
6048,69870.0
6049,0.0
6050,0.0
6051,0.0
6052,0.0
6053,0.0
6054,0.0
6055,0.0
6056,6987.0
6057,0.0
6058,0.0
6059,0.0
6060,20961.0
6061,0.0
6062,447168.0
6063,104805.0
6064,0.0
6065,0.0
6066,0.0
6067,0.0
6068,0.0
6069,0.0
6070,41922.0
6071,0.0
6072,0.0
6073,0.0
6074,0.0
6075,13974.0
6076,0.0
6077,0.0
6078,0.0
6079,0.0
6080,6987.0
6081,450000.0
6082,0.0
6083,0.0
6084,3929000.0
6085,0.0
6086,440181.0
6087,83844.0
6088,349350.0
6089,0.0
6090,0.0
6091,0.0
6092,0.0
6093,0.0
6094,0.0
6095,468129.0
6096,0.0
6097,0.0
6098,0.0
6099,0.0
6100,27948.0
6101,0.0
6102,0.0
6103,0.0
6104,0.0
6105,0.0
6106,0.0
6107,0.0
6108,0.0
6109,0.0
6110,0.0
6111,0.0
6112,139740.0
6113,0.0
6114,13974.0
6115,0.0
6116,0.0
6117,83844.0
6118,0.0
6119,24454.5
6120,440181.0
6121,0.0
6122,0.0
6123,83844.0
6124,41922.0
6125,785800.0
6126,0.0
6127,0.0
6128,0.0
6129,0.0
6130,0.0
6131,0.0
6132,279480.0
6133,0.0
6134,0.0
6135,0.0
6136,279480.0
6137,51005.10133266449
6138,0.0
6139,27948.0
6140,0.0
6141,174675.0
6142,223584.0
6143,41922.0
6144,0.0
6145,0.0
6146,349350.0
6147,0.0
6148,726648.0
6149,0.0
6150,0.0
6151,0.0
6152,517038.0
6153,0.0
6154,447168.0
6155,447168.0
6156,447168.0
6157,34935.0
6158,607869.0
6159,433194.0
6160,0.0
6161,0.0
6162,0.0
6163,0.0
6164,0.0
6165,104805.0
6166,0.0
6167,0.0
6168,0.0
6169,0.0
6170,0.0
6171,0.0
6172,0.0
6173,0.0
6174,0.0
6175,27948.0
6176,0.0
6177,0.0
6178,0.0
6179,0.0
6180,2357400.0
6181,209610.0
6182,209610.0
6183,209610.0
6184,419220.0
6185,0.0
6186,209610.0
6187,419220.0
6188,0.0
6189,209610.0
6190,419220.0
6191,0.0
6192,447168.0
6193,0.0
6194,0.0
6195,0.0
6196,0.0
6197,0.0
6198,0.0
6199,0.0
6200,0.0
6201,0.0
6202,0.0
6203,0.0
6204,0.0
6205,0.0
6206,0.0
6207,0.0
6208,0.0
6209,0.0
6210,0.0
6211,0.0
6212,0.0
6213,0.0
6214,0.0
6215,0.0
6216,0.0
6217,0.0
6218,7858000.0
6219,0.0
6220,0.0
6221,0.0
6222,0.0
6223,0.0
6224,0.0
6225,0.0
6226,0.0
6227,0.0
6228,0.0
6229,2357400.0
6230,0.0
6231,0.0
6232,0.0
6233,0.0
6234,0.0
6235,62883.0
6236,0.0
6237,0.0
6238,0.0
6239,0.0
6240,0.0
6241,0.0
6242,0.0
6243,0.0
6244,0.0
6245,0.0
6246,0.0
6247,0.0
6248,0.0
6249,0.0
6250,0.0
6251,0.0
6252,27948.0
6253,1329.6232687499999
6254,139740.0
6255,209610.0
6256,0.0
6257,6987.0
6258,3143200.0
6259,1571600.0
6260,0.0
6261,0.0
6262,0.0
6263,0.0
6264,0.0
6265,0.0
6266,0.0
6267,0.0
6268,0.0
6269,0.0
6270,0.0
6271,0.0
6272,0.0
6273,0.0
6274,0.0
6275,0.0
6276,0.0
6277,0.0
6278,0.0
6279,0.0
6280,0.0
6281,0.0
6282,0.0
6283,0.0
6284,0.0
6285,0.0
6286,0.0
6287,0.0
6288,0.0
6289,0.0
6290,0.0
6291,0.0
6292,0.0
6293,0.0
6294,0.0
6295,0.0
6296,0.0
6297,0.0
6298,0.0
6299,0.0
6300,0.0
6301,0.0
6302,0.0
6303,0.0
6304,0.0
6305,0.0
6306,0.0
6307,0.0
6308,0.0
6309,0.0
6310,0.0
6311,0.0
6312,0.0
6313,0.0
6314,0.0
6315,0.0
6316,0.0
6317,0.0
6318,0.0
6319,0.0
6320,0.0
6321,0.0
6322,0.0
6323,0.0
6324,0.0
6325,0.0
6326,0.0
6327,0.0
6328,0.0
6329,0.0
6330,0.0
6331,0.0
6332,0.0
6333,0.0
6334,0.0
6335,0.0
6336,0.0
6337,0.0
6338,0.0
6339,0.0
6340,0.0
6341,0.0
6342,0.0
6343,0.0
6344,0.0
6345,0.0
6346,0.0
6347,0.0
6348,0.0
6349,0.0
6350,0.0
6351,0.0
6352,0.0
6353,0.0
6354,0.0
6355,0.0
6356,0.0
6357,0.0
6358,0.0
6359,0.0
6360,0.0
6361,0.0
6362,0.0
6363,0.0
6364,0.0
6365,0.0
6366,0.0
6367,0.0
6368,0.0
6369,0.0
6370,0.0
6371,0.0
6372,0.0
6373,0.0
6374,0.0
6375,0.0
6376,0.0
6377,0.0
6378,0.0
6379,0.0
6380,0.0
6381,0.0
6382,0.0
6383,0.0
6384,0.0
6385,0.0
6386,0.0
6387,0.0
6388,0.0
6389,0.0
6390,0.0
6391,0.0
6392,0.0
6393,6987.0
6394,0.0
6395,0.0
6396,0.0
6397,0.0
6398,0.0
6399,0.0
6400,209610.0
6401,0.0
6402,0.0
6403,0.0
6404,0.0
6405,0.0
6406,0.0
6407,0.0
6408,0.0
6409,0.0
6410,0.0
6411,0.0
6412,0.0
6413,0.0
6414,0.0
6415,0.0
6416,0.0
6417,0.0
6418,0.0
6419,0.0
6420,0.0
6421,0.0
6422,0.0
6423,0.0
6424,0.0
6425,0.0
6426,0.0
6427,0.0
6428,0.0
6429,0.0
6430,0.0
6431,0.0
6432,0.0
6433,0.0
6434,0.0
6435,0.0
6436,0.0
6437,0.0
6438,6987.0
6439,41922.0
6440,0.0
6441,20961.0
6442,886.4155124999999
6443,69870.0
6444,0.0
6445,22290.62326875
6446,97818.0
6447,26592.465374999996
6448,55896.0
6449,0.0
6450,195636.0
6451,0.0
6452,0.0
6453,0.0
6454,0.0
6455,0.0
6456,0.0
6457,785800.0
6458,0.0
6459,0.0
6460,0.0
6461,0.0
6462,0.0
6463,0.0
6464,0.0
6465,0.0
6466,0.0
6467,0.0
6468,0.0
6469,0.0
6470,0.0
6471,0.0
6472,0.0
6473,0.0
6474,0.0
6475,0.0
6476,0.0
6477,0.0
6478,0.0
6479,0.0
6480,0.0
6481,0.0
6482,0.0
6483,0.0
6484,0.0
6485,0.0
6486,0.0
6487,0.0
6488,0.0
6489,0.0
6490,0.0
6491,0.0
6492,0.0
6493,0.0
6494,0.0
6495,0.0
6496,0.0
6497,0.0
6498,0.0
6499,0.0
6500,0.0
6501,0.0
6502,0.0
6503,0.0
6504,0.0
6505,0.0
6506,0.0
6507,0.0
6508,0.0
6509,0.0
6510,0.0
6511,0.0
6512,0.0
6513,0.0
6514,0.0
6515,0.0
6516,0.0
6517,13974.0
6518,0.0
6519,0.0
6520,0.0
6521,0.0
6522,0.0
6523,785800.0
6524,785800.0
6525,0.0
6526,785800.0
6527,0.0
6528,0.0
6529,0.0
6530,0.0
6531,0.0
6532,886.4155124999999
6533,0.0
6534,0.0
6535,0.0
6536,0.0
6537,30000.0
6538,0.0
6539,0.0
6540,0.0
6541,0.0
6542,0.0
6543,0.0
6544,0.0
6545,0.0
6546,0.0
6547,0.0
6548,1772.8310249999997
6549,0.0
6550,0.0
6551,0.0
6552,0.0
6553,0.0
6554,0.0
6555,55896.0
6556,0.0
6557,20961.0
6558,0.0
6559,0.0
6560,0.0
6561,0.0
6562,0.0
6563,0.0
6564,0.0
6565,0.0
6566,0.0
6567,0.0
6568,0.0
6569,0.0
6570,0.0
6571,0.0
6572,0.0
6573,0.0
6574,0.0
6575,0.0
6576,0.0
6577,0.0
6578,0.0
6579,0.0
6580,0.0
6581,0.0
6582,0.0
6583,0.0
6584,0.0
6585,0.0
6586,0.0
6587,0.0
6588,0.0
6589,0.0
6590,0.0
6591,0.0
6592,0.0
6593,0.0
6594,0.0
6595,0.0
6596,0.0
6597,0.0
6598,0.0
6599,0.0
6600,0.0
6601,0.0
6602,0.0
6603,0.0
6604,0.0
6605,0.0
6606,0.0
6607,0.0
6608,0.0
6609,0.0
6610,0.0
6611,0.0
6612,0.0
6613,328389.0
6614,0.0
6615,0.0
6616,0.0
6617,0.0
6618,0.0
6619,0.0
6620,0.0
6621,0.0
6622,0.0
6623,0.0
6624,0.0
6625,0.0
6626,0.0
6627,0.0
6628,0.0
6629,0.0
6630,0.0
6631,0.0
6632,0.0
6633,0.0
6634,0.0
6635,0.0
6636,0.0
6637,0.0
6638,0.0
6639,0.0
6640,0.0
6641,10636.986149999999
6642,0.0
6643,0.0
6644,0.0
6645,0.0
6646,4432.0775625
6647,0.0
6648,0.0
6649,0.0
6650,0.0
6651,0.0
6652,48909.0
6653,0.0
6654,20961.0
6655,13974.0
6656,0.0
6657,20961.0
6658,13974.0
6659,0.0
6660,0.0
6661,0.0
6662,0.0
6663,0.0
6664,0.0
6665,0.0
6666,0.0
6667,0.0
6668,0.0
6669,0.0
6670,0.0
6671,0.0
6672,0.0
6673,0.0
6674,0.0
6675,0.0
6676,0.0
6677,0.0
6678,0.0
6679,0.0
6680,0.0
6681,0.0
6682,0.0
6683,0.0
6684,0.0
6685,0.0
6686,0.0
6687,0.0
6688,0.0
6689,0.0
6690,0.0
6691,0.0
6692,0.0
6693,0.0
6694,0.0
6695,0.0
6696,0.0
6697,0.0
6698,0.0
6699,0.0
6700,0.0
6701,0.0
6702,827722.0
6703,0.0
6704,0.0
6705,0.0
6706,0.0
6707,0.0
6708,0.0
6709,6987.0
6710,0.0
6711,6987.0
6712,0.0
6713,13974.0
6714,0.0
6715,0.0
6716,0.0
6717,6987.0
6718,0.0
6719,2750299.9999999995
6720,0.0
6721,0.0
6722,0.0
6723,0.0
6724,0.0
6725,27948.0
6726,0.0
6727,6987.0
6728,0.0
6729,0.0
6730,0.0
6731,0.0
6732,0.0
6733,0.0
6734,0.0
6735,0.0
6736,0.0
6737,0.0
6738,0.0
6739,0.0
6740,0.0
6741,0.0
6742,0.0
6743,0.0
6744,14296.1093856
6745,34935.0
6746,8577.66563136
6747,4084.6026816
6748,0.0
6749,12253.8080448
6750,9803.04643584
6751,10619.96697216
6752,14296.109385599999
6753,10211.506704
6754,0.0
6755,0.0
6756,0.0
6757,0.0
6758,0.0
6759,0.0
6760,0.0
6761,0.0
6762,0.0
6763,0.0
6764,0.0
6765,0.0
6766,0.0
6767,0.0
6768,443.20775624999993
6769,7091.324099999999
6770,11080.193906249999
6771,17728.31025
6772,8420.94736875
6773,0.0
6774,0.0
6775,0.0
6776,0.0
6777,0.0
6778,216597.0
6779,20961.0
6780,18406.0775625
6781,9781.800041645765
6782,0.0
6783,0.0
6784,13974.0
6785,0.0
6786,0.0
6787,0.0
6788,0.0
6789,0.0
6790,0.0
6791,0.0
6792,0.0
6793,0.0
6794,0.0
6795,0.0
6796,0.0
6797,0.0
6798,3545.6620499999995
6799,6987.0
6800,0.0
6801,0.0
6802,2659.2465374999997
6803,1329.6232687499999
6804,10480.5
6805,0.0
6806,628830.0
6807,0.0
6808,251532.0
6809,0.0
6810,0.0
6811,0.0
6812,0.0
6813,0.0
6814,0.0
6815,0.0
6816,0.0
6817,0.0
6818,0.0
6819,0.0
6820,0.0
6821,0.0
6822,0.0
6823,0.0
6824,0.0
6825,0.0
6826,0.0
6827,0.0
6828,0.0
6829,0.0
6830,0.0
6831,0.0
6832,0.0
6833,55896.0
6834,0.0
6835,0.0
6836,0.0
6837,0.0
6838,0.0
6839,0.0
6840,0.0
6841,0.0
6842,0.0
6843,0.0
6844,0.0
6845,0.0
6846,0.0
6847,0.0
6848,0.0
6849,0.0
6850,0.0
6851,0.0
6852,0.0
6853,0.0
6854,0.0
6855,0.0
6856,125766.0
6857,0.0
6858,0.0
6859,0.0
6860,0.0
6861,0.0
6862,0.0
6863,0.0
6864,0.0
6865,0.0
6866,0.0
6867,0.0
6868,886.4155124999999
6869,0.0
6870,0.0
6871,0.0
6872,0.0
6873,0.0
6874,0.0
6875,195636.0
6876,0.0
6877,1772.8310249999997
6878,0.0
6879,14040.821717999997
6880,0.0
6881,0.0
6882,0.0
6883,0.0
6884,139740.0
6885,638.2191689999999
6886,0.0
6887,0.0
6888,0.0
6889,0.0
6890,0.0
6891,27948.0
6892,0.0
6893,0.0
6894,0.0
6895,0.0
6896,0.0
6897,0.0
6898,4432.0775625
6899,0.0
6900,27948.0
6901,0.0
6902,0.0
6903,0.0
6904,0.0
6905,4432.0775625
6906,0.0
6907,0.0
6908,0.0
6909,0.0
6910,0.0
6911,0.0
6912,0.0
6913,0.0
6914,0.0
6915,0.0
6916,0.0
6917,0.0
6918,0.0
6919,0.0
6920,0.0
6921,0.0
6922,0.0
6923,3191.095844999999
6924,3829.315013999999
6925,3829.315013999999
6926,4467.534182999999
6927,17467.5
6928,10211.506703999998
6929,9573.287534999998
6930,4467.534182999999
6931,6987.0
6932,4467.534182999999
6933,21699.451745999995
6934,9892.397119499998
6935,0.0
6936,16593.698393999995
6937,0.0
6938,0.0
6939,6987.0
6940,11487.945041999998
6941,3829.315013999999
6942,49142.87601299999
6943,9573.287534999998
6944,15955.479224999995
6945,9573.287534999998
6946,638.2191689999999
6947,638.2191689999999
6948,1914.6575069999994
6949,9573.287534999998
6950,3191.0958449999994
6951,3829.315013999999
6952,9573.287534999998
6953,5105.753351999999
6954,3191.0958449999994
6955,1914.6575069999994
6956,5743.972520999998
6957,638.2191689999999
6958,6382.191689999999
6959,7658.630027999998
6960,2552.8766759999994
6961,7658.630027999998
6962,7658.630027999999
6963,45951.78016799999
6964,15317.260055999997
6965,5105.753351999999
6966,6382.191689999999
6967,3829.315013999999
6968,3191.0958449999994
6969,0.0
6970,9766.799047199998
6971,2223.8392377599994
6972,9451.316760479998
6973,1667.8794283199995
6974,6671.517713279998
6975,2779.799047199999
6976,8895.356951039998
6977,1111.9196188799997
6978,1667.8794283199995
6979,4447.678475519999
6980,5003.638284959999
6981,0.0
6982,0.0
6983,0.0
6984,3829.315013999999
6985,894336.0
6986,0.0
6987,17231.917562999995
6988,1276.4383379999997
6989,17165.095845
6990,0.0
6991,14040.821717999997
6992,12764.383379999997
6993,216994.51745999994
6994,19784.794238999995
6995,10849.725872999998
6996,11487.945041999998
6997,27948.0
6998,23547.287534999996
6999,21061.232576999995
7000,34935.0
7001,13402.602548999997
7002,23513.876676
7003,3829.315013999999
7004,37654.930970999994
7005,84883.14947699997
7006,11487.945041999998
7007,9573.287534999998
7008,41484.24598499999
7009,48371.013408
7010,41484.24598499999
7011,19146.575069999995
7012,8296.849196999998
7013,79710.57440699998
7014,30634.520111999995
7015,24252.328421999995
7016,12253.8080448
7017,0.0
7018,0.0
7019,13974.0
7020,20961.0
7021,0.0
7022,4084.6026816
7023,0.0
7024,12253.8080448
7025,0.0
7026,23690.69555328
7027,9394.58616768
7028,27948.0
7029,10211.506704
7030,38428.5
7031,9394.58616768
7032,6126.9040224
7033,19606.09287168
7034,24507.6160896
7035,0.0
7036,12253.8080448
7037,0.0
7038,0.0
7039,0.0
7040,0.0
7041,0.0
7042,0.0
7043,0.0
7044,0.0
7045,0.0
7046,0.0
7047,108381.23637936
7048,0.0
7049,8339.397141599999
7050,20570.512949279993
7051,26250.118686902882
7052,30577.78951919999
7053,0.0
7054,69870.0
7055,0.0
7056,11119.196188799997
7057,6987.0
7058,6987.0
7059,5559.598094399998
7060,5559.598094399998
7061,2779.799047199999
7062,20961.0
7063,0.0
7064,0.0
7065,0.0
7066,0.0
7067,0.0
7068,8296.849196999998
7069,0.0
7070,0.0
7071,0.0
7072,0.0
7073,27948.0
7074,41922.0
7075,0.0
7076,0.0
7077,0.0
7078,0.0
7079,0.0
7080,0.0
7081,0.0
7082,0.0
7083,0.0
7084,0.0
7085,0.0
7086,0.0
7087,0.0
7088,0.0
7089,0.0
7090,0.0
7091,0.0
7092,0.0
7093,0.0
7094,0.0
7095,0.0
7096,0.0
7097,0.0
7098,0.0
7099,0.0
7100,0.0
7101,0.0
7102,0.0
7103,0.0
7104,0.0
7105,0.0
7106,0.0
7107,0.0
7108,0.0
7109,0.0
7110,0.0
7111,443.20775624999993
7112,0.0
7113,0.0
7114,0.0
7115,0.0
7116,0.0
7117,0.0
7118,0.0
7119,0.0
7120,0.0
7121,10480.5
7122,6987.0
7123,27948.0
7124,27948.0
7125,0.0
7126,0.0
7127,0.0
7128,0.0
7129,0.0
7130,1964500.0
7131,0.0
7132,13974.0
7133,0.0
7134,0.0
7135,27948.0
7136,0.0
7137,0.0
7138,6987.0
7139,76857.0
7140,69835065.0
7141,27948.0
7142,69835065.0
7143,13974.0
7144,0.0
7145,0.0
7146,0.0
7147,13974.0
7148,0.0
7149,0.0
7150,6987.0
7151,6987.0
7152,69835065.0
7153,34935.0
7154,69839497.0775625
7155,0.0
7156,0.0
7157,139670130.0
7158,0.0
7159,20961.0
7160,0.0
7161,0.0
7162,0.0
7163,0.0
7164,7854071000.0
7165,34935.0
7166,0.0
7167,20961.0
7168,20961.0
7169,0.0
7170,0.0
7171,0.0
7172,0.0
7173,41922.0
7174,0.0
7175,0.0
7176,0.0
7177,0.0
7178,0.0
7179,0.0
7180,0.0
7181,0.0
7182,0.0
7183,0.0
7184,0.0
7185,6987.0
7186,0.0
7187,0.0
7188,0.0
7189,0.0
7190,0.0
7191,0.0
7192,0.0
7193,0.0
7194,0.0
7195,0.0
7196,0.0
7197,0.0
7198,0.0
7199,0.0
7200,0.0
7201,0.0
7202,0.0
7203,0.0
7204,0.0
7205,0.0
7206,0.0
7207,0.0
7208,49117.648199999996
7209,20961.0
7210,0.0
7211,0.0
7212,3102.4542937499996
7213,0.0
7214,0.0
7215,0.0
7216,0.0
7217,0.0
7218,0.0
7219,0.0
7220,0.0
7221,0.0
7222,0.0
7223,0.0
7224,0.0
7225,0.0
7226,0.0
7227,15069.063712499998
7228,0.0
7229,0.0
7230,0.0
7231,0.0
7232,0.0
7233,0.0
7234,0.0
7235,0.0
7236,0.0
7237,0.0
7238,0.0
7239,9750.570637499999
7240,0.0
7241,0.0
7242,8864.155125
7243,111792.0
7244,0.0
7245,0.0
7246,13296.232687499998
7247,0.0
7248,69870.0
7249,0.0
7250,0.0
7251,0.0
7252,44320.775624999995
7253,0.0
7254,0.0
7255,0.0
7256,0.0
7257,0.0
7258,0.0
7259,4432.0775625
7260,0.0
7261,0.0
7262,0.0
7263,0.0
7264,0.0
7265,0.0
7266,0.0
7267,0.0
7268,0.0
7269,0.0
7270,0.0
7271,13974.0
7272,3493.5
7273,0.0
7274,0.0
7275,0.0
7276,0.0
