hhid,p15b01,p15b02
1.0,no,
2.0,si,1.0
3.0,no,
4.0,no,
5.0,si,1.0
6.0,no,
7.0,no,
8.0,si,1.0
9.0,si,2.0
10.0,si,3.0
11.0,no,
12.0,si,1.0
13.0,no,
14.0,no,
15.0,si,2.0
16.0,no,
17.0,no,
18.0,si,1.0
19.0,si,1.0
20.0,no,
21.0,no,
22.0,no,
23.0,no,
24.0,si,1.0
25.0,si,1.0
26.0,si,1.0
27.0,si,1.0
28.0,si,1.0
29.0,si,1.0
30.0,si,3.0
31.0,no,
32.0,si,1.0
33.0,no,
34.0,si,1.0
35.0,no,
36.0,si,1.0
37.0,no,
38.0,no,
39.0,no,
40.0,no,
41.0,no,
42.0,si,2.0
43.0,si,1.0
44.0,no,
45.0,no,
46.0,no,
47.0,no,
48.0,si,2.0
49.0,no,
50.0,no,
51.0,no,
52.0,no,
53.0,no,
54.0,si,1.0
55.0,no,
56.0,si,2.0
57.0,si,2.0
58.0,no,
59.0,si,1.0
60.0,si,1.0
61.0,no,
62.0,no,
63.0,no,
64.0,no,
65.0,no,
66.0,no,
67.0,si,1.0
68.0,no,
69.0,si,3.0
70.0,si,1.0
71.0,no,
72.0,no,
73.0,no,
74.0,no,
75.0,si,1.0
76.0,no,
77.0,si,1.0
78.0,no,
79.0,no,
80.0,no,
81.0,si,1.0
82.0,no,
83.0,no,
84.0,si,1.0
85.0,si,2.0
86.0,si,2.0
87.0,no,
88.0,no,
89.0,no,
90.0,si,1.0
91.0,no,
92.0,no,
93.0,si,1.0
94.0,no,
95.0,no,
96.0,si,1.0
97.0,no,
98.0,no,
99.0,no,
100.0,no,
101.0,no,
102.0,si,1.0
103.0,no,
104.0,si,1.0
105.0,no,
106.0,no,
107.0,no,
108.0,no,
109.0,no,
110.0,no,
111.0,no,
112.0,no,
113.0,no,
114.0,si,1.0
115.0,si,1.0
116.0,no,
117.0,no,
118.0,no,
119.0,no,
120.0,no,
121.0,no,
122.0,no,
123.0,si,1.0
124.0,no,
125.0,no,
126.0,si,1.0
127.0,no,
128.0,no,
129.0,no,
130.0,no,
131.0,no,
132.0,no,
133.0,si,1.0
134.0,si,2.0
135.0,no,
136.0,si,1.0
137.0,si,1.0
138.0,no,
139.0,si,4.0
140.0,no,
141.0,no,
142.0,no,
143.0,no,
144.0,no,
145.0,si,1.0
146.0,no,
147.0,no,
148.0,si,1.0
149.0,si,1.0
150.0,no,
151.0,no,
152.0,si,1.0
153.0,no,
154.0,no,
155.0,si,2.0
156.0,no,
157.0,no,
158.0,no,
159.0,no,
160.0,no,
161.0,no,
162.0,si,2.0
163.0,no,
164.0,si,1.0
165.0,si,1.0
166.0,no,
167.0,si,1.0
168.0,no,
169.0,no,
170.0,no,
171.0,si,1.0
172.0,no,
173.0,si,1.0
174.0,no,
175.0,no,
176.0,no,
177.0,no,
178.0,si,1.0
179.0,no,
180.0,si,1.0
181.0,si,2.0
182.0,no,
183.0,no,
184.0,no,
185.0,si,1.0
186.0,si,1.0
187.0,no,
188.0,si,1.0
189.0,no,
190.0,si,1.0
191.0,no,
192.0,si,1.0
193.0,no,
194.0,no,
195.0,no,
196.0,no,
197.0,no,
198.0,si,1.0
199.0,no,
200.0,si,1.0
201.0,no,
202.0,no,
203.0,no,
204.0,si,1.0
205.0,no,
206.0,no,
207.0,si,1.0
208.0,si,1.0
209.0,no,
210.0,no,
211.0,no,
212.0,no,
213.0,no,
214.0,si,1.0
215.0,no,
216.0,no,
217.0,no,
218.0,no,
219.0,si,1.0
220.0,no,
221.0,si,1.0
222.0,si,1.0
223.0,no,
224.0,no,
225.0,no,
226.0,si,1.0
227.0,no,
228.0,si,1.0
229.0,si,1.0
230.0,si,1.0
231.0,no,
232.0,si,1.0
233.0,si,2.0
234.0,si,2.0
235.0,no,
236.0,si,2.0
237.0,si,1.0
238.0,no,
239.0,no,
240.0,si,2.0
241.0,si,1.0
242.0,si,2.0
243.0,si,1.0
244.0,no,
245.0,no,
246.0,no,
247.0,si,1.0
248.0,si,1.0
249.0,no,
250.0,si,1.0
251.0,si,1.0
252.0,no,
253.0,si,1.0
254.0,si,1.0
255.0,no,
256.0,no,
257.0,no,
258.0,no,
259.0,si,1.0
260.0,no,
261.0,si,1.0
262.0,no,
263.0,no,
264.0,si,1.0
265.0,no,
266.0,si,1.0
267.0,no,
268.0,no,
269.0,si,1.0
270.0,no,
271.0,no,
272.0,no,
273.0,si,1.0
274.0,si,1.0
275.0,si,2.0
276.0,si,2.0
277.0,si,1.0
278.0,no,
279.0,si,1.0
280.0,si,2.0
281.0,si,1.0
282.0,no,
283.0,si,1.0
284.0,no,
285.0,no,
286.0,si,2.0
287.0,no,
288.0,si,2.0
289.0,no,
290.0,si,2.0
291.0,no,
292.0,no,
293.0,no,
294.0,no,
295.0,si,1.0
296.0,no,
297.0,no,
298.0,si,1.0
299.0,si,1.0
300.0,si,1.0
301.0,si,1.0
302.0,no,
303.0,no,
304.0,si,1.0
305.0,no,
306.0,no,
307.0,no,
308.0,no,
309.0,si,1.0
310.0,no,
311.0,no,
312.0,si,1.0
313.0,si,1.0
314.0,si,1.0
315.0,no,
316.0,si,1.0
317.0,no,
318.0,no,
319.0,si,1.0
320.0,no,
321.0,si,1.0
322.0,si,2.0
323.0,no,
324.0,si,1.0
325.0,no,
326.0,no,
327.0,si,1.0
328.0,no,
329.0,no,
330.0,si,1.0
331.0,si,2.0
332.0,no,
333.0,si,2.0
334.0,no,
335.0,si,1.0
336.0,si,2.0
337.0,si,1.0
338.0,no,
339.0,no,
340.0,si,1.0
341.0,si,3.0
342.0,si,1.0
343.0,si,1.0
344.0,no,
345.0,no,
346.0,si,2.0
347.0,si,2.0
348.0,no,
349.0,si,2.0
350.0,si,1.0
351.0,si,1.0
352.0,si,1.0
353.0,no,
354.0,si,1.0
355.0,no,
356.0,si,1.0
357.0,no,
358.0,si,3.0
359.0,si,1.0
360.0,no,
361.0,si,1.0
362.0,no,
363.0,no,
364.0,no,
365.0,no,
366.0,si,1.0
367.0,no,
368.0,no,
369.0,si,1.0
370.0,si,1.0
371.0,si,2.0
372.0,no,
373.0,si,1.0
374.0,no,
375.0,no,
376.0,si,1.0
377.0,si,2.0
378.0,si,1.0
379.0,si,1.0
380.0,si,1.0
381.0,no,
382.0,si,2.0
383.0,no,
384.0,no,
385.0,no,
386.0,no,
387.0,no,
388.0,si,2.0
389.0,si,1.0
390.0,no,
391.0,no,
392.0,si,1.0
393.0,no,
394.0,no,
395.0,no,
396.0,no,
397.0,no,
398.0,no,
399.0,no,
400.0,si,2.0
401.0,no,
402.0,si,1.0
403.0,no,
404.0,si,3.0
405.0,no,
406.0,no,
407.0,no,
408.0,si,1.0
409.0,no,
410.0,no,
411.0,si,4.0
412.0,si,1.0
413.0,si,1.0
414.0,si,2.0
415.0,no,
416.0,si,1.0
417.0,si,1.0
418.0,no,
419.0,no,
420.0,no,
421.0,si,2.0
422.0,si,2.0
423.0,no,
424.0,si,1.0
425.0,no,
426.0,si,1.0
427.0,no,
428.0,no,
429.0,no,
430.0,no,
431.0,no,
432.0,no,
433.0,si,1.0
434.0,no,
435.0,no,
436.0,si,1.0
437.0,no,
438.0,no,
439.0,si,2.0
440.0,si,1.0
441.0,si,1.0
442.0,si,1.0
443.0,si,1.0
444.0,no,
445.0,no,
446.0,si,2.0
447.0,no,
448.0,si,1.0
449.0,no,
450.0,no,
451.0,no,
452.0,si,2.0
453.0,no,
454.0,no,
455.0,si,1.0
456.0,no,
457.0,no,
458.0,si,2.0
459.0,no,
460.0,no,
461.0,si,1.0
462.0,no,
463.0,no,
464.0,si,1.0
465.0,si,1.0
466.0,no,
467.0,si,1.0
468.0,si,2.0
469.0,si,1.0
470.0,si,1.0
471.0,si,2.0
472.0,no,
473.0,si,1.0
474.0,no,
475.0,si,1.0
476.0,si,1.0
477.0,si,1.0
478.0,no,
479.0,si,2.0
480.0,si,1.0
481.0,no,
482.0,no,
483.0,si,1.0
484.0,no,
485.0,no,
486.0,si,1.0
487.0,no,
488.0,no,
489.0,no,
490.0,no,
491.0,no,
492.0,no,
493.0,no,
494.0,no,
495.0,no,
496.0,no,
497.0,no,
498.0,si,1.0
499.0,si,1.0
500.0,si,1.0
501.0,si,1.0
502.0,si,1.0
503.0,si,1.0
504.0,si,2.0
505.0,si,1.0
506.0,si,1.0
507.0,si,2.0
508.0,si,1.0
509.0,si,1.0
510.0,no,
511.0,si,1.0
512.0,si,2.0
513.0,si,1.0
514.0,si,3.0
515.0,si,1.0
516.0,si,1.0
517.0,si,1.0
518.0,no,
519.0,no,
520.0,no,
521.0,si,1.0
522.0,no,
523.0,no,
524.0,no,
525.0,no,
526.0,no,
527.0,no,
528.0,no,
529.0,no,
530.0,no,
531.0,si,1.0
532.0,si,2.0
533.0,no,
534.0,si,2.0
535.0,no,
536.0,no,
537.0,no,
538.0,no,
539.0,si,2.0
540.0,si,2.0
541.0,no,
542.0,no,
543.0,si,1.0
544.0,no,
545.0,no,
546.0,si,1.0
547.0,no,
548.0,no,
549.0,no,
550.0,no,
551.0,no,
552.0,no,
553.0,si,1.0
554.0,no,
555.0,no,
556.0,si,2.0
557.0,no,
558.0,no,
559.0,no,
560.0,si,2.0
561.0,no,
562.0,no,
563.0,no,
564.0,no,
565.0,si,1.0
566.0,no,
567.0,si,2.0
568.0,no,
569.0,si,1.0
570.0,no,
571.0,no,
572.0,no,
573.0,no,
574.0,si,1.0
575.0,si,1.0
576.0,no,
577.0,no,
578.0,no,
579.0,no,
580.0,si,1.0
581.0,no,
582.0,no,
583.0,si,1.0
584.0,no,
585.0,si,1.0
586.0,no,
587.0,si,1.0
588.0,si,1.0
589.0,no,
590.0,no,
591.0,si,1.0
592.0,no,
593.0,si,1.0
594.0,no,
595.0,si,1.0
596.0,no,
597.0,si,2.0
598.0,si,1.0
599.0,si,1.0
600.0,si,1.0
601.0,si,2.0
602.0,si,1.0
603.0,si,2.0
604.0,no,
605.0,no,
606.0,no,
607.0,no,
608.0,si,1.0
609.0,no,
610.0,no,
611.0,si,3.0
612.0,no,
613.0,si,2.0
614.0,si,2.0
615.0,si,1.0
616.0,no,
617.0,si,2.0
618.0,si,2.0
619.0,no,
620.0,si,1.0
621.0,no,
622.0,no,
623.0,no,
624.0,si,1.0
625.0,si,1.0
626.0,no,
627.0,no,
628.0,si,1.0
629.0,si,3.0
630.0,no,
631.0,no,
632.0,si,1.0
633.0,no,
634.0,no,
635.0,si,1.0
636.0,si,1.0
637.0,si,2.0
638.0,no,
639.0,si,2.0
640.0,si,2.0
641.0,no,
642.0,si,1.0
643.0,si,1.0
644.0,si,2.0
645.0,si,1.0
646.0,no,
647.0,si,1.0
648.0,no,
649.0,si,2.0
650.0,si,2.0
651.0,no,
652.0,no,
653.0,no,
654.0,si,1.0
655.0,si,2.0
656.0,si,1.0
657.0,si,1.0
658.0,si,1.0
659.0,no,
660.0,si,1.0
661.0,no,
662.0,si,1.0
663.0,no,
664.0,si,1.0
665.0,no,
666.0,no,
667.0,si,1.0
668.0,si,1.0
669.0,no,
670.0,no,
671.0,no,
672.0,no,
673.0,no,
674.0,no,
675.0,si,1.0
676.0,si,2.0
677.0,no,
678.0,no,
679.0,no,
680.0,no,
681.0,si,1.0
682.0,si,1.0
683.0,no,
684.0,no,
685.0,no,
686.0,no,
687.0,si,1.0
688.0,no,
689.0,no,
690.0,si,2.0
691.0,no,
692.0,no,
693.0,no,
694.0,si,2.0
695.0,si,1.0
696.0,si,1.0
697.0,si,1.0
698.0,si,1.0
699.0,si,1.0
700.0,si,1.0
701.0,si,1.0
702.0,si,3.0
703.0,si,2.0
704.0,si,2.0
705.0,no,
706.0,si,1.0
707.0,si,1.0
708.0,si,1.0
709.0,no,
710.0,si,1.0
711.0,no,
712.0,no,
713.0,no,
714.0,si,2.0
715.0,no,
716.0,no,
717.0,si,1.0
718.0,no,
719.0,si,1.0
720.0,si,1.0
721.0,no,
722.0,no,
723.0,no,
724.0,si,1.0
725.0,no,
726.0,si,1.0
727.0,no,
728.0,si,1.0
729.0,si,1.0
730.0,si,1.0
731.0,si,1.0
732.0,si,2.0
733.0,si,2.0
734.0,si,1.0
735.0,no,
736.0,si,1.0
737.0,no,
738.0,si,3.0
739.0,si,1.0
740.0,no,
741.0,si,1.0
742.0,si,1.0
743.0,no,
744.0,no,
745.0,no,
746.0,si,1.0
747.0,no,
748.0,no,
749.0,si,1.0
750.0,no,
751.0,si,1.0
752.0,no,
753.0,si,1.0
754.0,no,
755.0,si,1.0
756.0,no,
757.0,no,
758.0,no,
759.0,no,
760.0,no,
761.0,no,
762.0,no,
763.0,no,
764.0,no,
765.0,no,
766.0,si,1.0
767.0,no,
768.0,no,
769.0,si,1.0
770.0,si,2.0
771.0,no,
772.0,no,
773.0,no,
774.0,si,1.0
775.0,no,
776.0,no,
777.0,si,1.0
778.0,si,1.0
779.0,no,
780.0,no,
781.0,si,2.0
782.0,si,2.0
783.0,no,
784.0,si,2.0
785.0,si,1.0
786.0,no,
787.0,si,1.0
788.0,si,2.0
789.0,no,
790.0,si,1.0
791.0,no,
792.0,si,1.0
793.0,si,2.0
794.0,no,
795.0,si,1.0
796.0,si,1.0
797.0,no,
798.0,no,
799.0,no,
800.0,si,1.0
801.0,no,
802.0,no,
803.0,no,
804.0,si,1.0
805.0,si,1.0
806.0,no,
807.0,no,
808.0,si,3.0
809.0,si,2.0
810.0,no,
811.0,no,
812.0,no,
813.0,no,
814.0,si,1.0
815.0,si,1.0
816.0,no,
817.0,si,1.0
818.0,si,1.0
819.0,no,
820.0,no,
821.0,si,1.0
822.0,no,
823.0,no,
824.0,si,1.0
825.0,no,
826.0,si,1.0
827.0,no,
828.0,si,1.0
829.0,no,
830.0,si,1.0
831.0,si,2.0
832.0,no,
833.0,no,
834.0,si,1.0
835.0,si,1.0
836.0,no,
837.0,no,
838.0,si,2.0
839.0,si,1.0
840.0,si,1.0
841.0,si,2.0
842.0,si,2.0
843.0,no,
844.0,si,1.0
845.0,si,1.0
846.0,no,
847.0,no,
848.0,si,1.0
849.0,no,
850.0,si,1.0
851.0,si,1.0
852.0,si,3.0
853.0,si,1.0
854.0,no,
855.0,si,1.0
856.0,si,1.0
857.0,no,
858.0,no,
859.0,no,
860.0,no,
861.0,no,
862.0,no,
863.0,si,1.0
864.0,si,1.0
865.0,no,
866.0,si,1.0
867.0,si,3.0
868.0,no,
869.0,si,2.0
870.0,si,1.0
871.0,no,
872.0,si,1.0
873.0,si,1.0
874.0,no,
875.0,si,2.0
876.0,no,
877.0,no,
878.0,no,
879.0,no,
880.0,si,1.0
881.0,no,
882.0,si,1.0
883.0,si,1.0
884.0,no,
885.0,no,
886.0,no,
887.0,no,
888.0,no,
889.0,si,1.0
890.0,no,
891.0,no,
892.0,si,1.0
893.0,no,
894.0,no,
895.0,no,
896.0,no,
897.0,no,
898.0,no,
899.0,no,
900.0,no,
901.0,no,
902.0,no,
903.0,no,
904.0,no,
905.0,no,
906.0,no,
907.0,no,
908.0,no,
909.0,no,
910.0,no,
911.0,no,
912.0,no,
913.0,si,1.0
914.0,no,
915.0,no,
916.0,si,1.0
917.0,no,
918.0,si,1.0
919.0,no,
920.0,si,1.0
921.0,si,3.0
922.0,no,
923.0,no,
924.0,si,1.0
925.0,si,1.0
926.0,si,1.0
927.0,no,
928.0,no,
929.0,no,
930.0,no,
931.0,no,
932.0,no,
933.0,no,
934.0,no,
935.0,si,1.0
936.0,no,
937.0,no,
938.0,no,
939.0,no,
940.0,si,1.0
941.0,si,1.0
942.0,no,
943.0,no,
944.0,no,
945.0,no,
946.0,si,1.0
947.0,si,1.0
948.0,no,
949.0,si,1.0
950.0,no,
951.0,si,1.0
952.0,no,
953.0,no,
954.0,no,
955.0,no,
956.0,no,
957.0,si,1.0
958.0,si,1.0
959.0,si,1.0
960.0,si,2.0
961.0,no,
962.0,no,
963.0,no,
964.0,si,1.0
965.0,no,
966.0,no,
967.0,si,2.0
968.0,si,1.0
969.0,no,
970.0,no,
971.0,no,
972.0,no,
973.0,no,
974.0,no,
975.0,no,
976.0,no,
977.0,si,1.0
978.0,no,
979.0,no,
980.0,no,
981.0,si,1.0
982.0,si,1.0
983.0,si,1.0
984.0,si,1.0
985.0,no,
986.0,si,1.0
987.0,si,1.0
988.0,si,2.0
989.0,no,
990.0,si,1.0
991.0,no,
992.0,si,1.0
993.0,no,
994.0,no,
995.0,si,1.0
996.0,no,
997.0,no,
998.0,si,1.0
999.0,si,2.0
1000.0,no,
1001.0,no,
1002.0,no,
1003.0,no,
1004.0,si,1.0
1005.0,no,
1006.0,no,
1007.0,no,
1008.0,si,1.0
1009.0,no,
1010.0,no,
1011.0,si,2.0
1012.0,no,
1013.0,si,1.0
1014.0,no,
1015.0,si,2.0
1016.0,si,1.0
1017.0,no,
1018.0,no,
1019.0,no,
1020.0,si,1.0
1021.0,si,1.0
1022.0,si,1.0
1023.0,si,1.0
1024.0,si,1.0
1025.0,si,1.0
1026.0,no,
1027.0,no,
1028.0,si,1.0
1029.0,si,2.0
1030.0,si,1.0
1031.0,si,1.0
1032.0,no,
1033.0,no,
1034.0,si,3.0
1035.0,no,
1036.0,si,1.0
1037.0,no,
1038.0,no,
1039.0,no,
1040.0,si,1.0
1041.0,no,
1042.0,si,1.0
1043.0,no,
1044.0,no,
1045.0,no,
1046.0,no,
1047.0,no,
1048.0,si,3.0
1049.0,no,
1050.0,no,
1051.0,no,
1052.0,si,1.0
1053.0,no,
1054.0,no,
1055.0,no,
1056.0,si,1.0
1057.0,si,2.0
1058.0,no,
1059.0,no,
1060.0,no,
1061.0,no,
1062.0,no,
1063.0,no,
1064.0,si,1.0
1065.0,no,
1066.0,no,
1067.0,no,
1068.0,no,
1069.0,si,1.0
1070.0,no,
1071.0,si,1.0
1072.0,no,
1073.0,no,
1074.0,no,
1075.0,no,
1076.0,si,3.0
1077.0,no,
1078.0,no,
1079.0,si,1.0
1080.0,no,
1081.0,no,
1082.0,no,
1083.0,no,
1084.0,si,1.0
1085.0,no,
1086.0,no,
1087.0,no,
1088.0,no,
1089.0,no,
1090.0,no,
1091.0,no,
1092.0,no,
1093.0,no,
1094.0,no,
1095.0,no,
1096.0,no,
1097.0,si,2.0
1098.0,si,1.0
1099.0,si,1.0
1100.0,no,
1101.0,no,
1102.0,si,1.0
1103.0,no,
1104.0,no,
1105.0,si,1.0
1106.0,no,
1107.0,no,
1108.0,no,
1109.0,no,
1110.0,no,
1111.0,no,
1112.0,no,
1113.0,no,
1114.0,no,
1115.0,si,1.0
1116.0,no,
1117.0,no,
1118.0,no,
1119.0,si,1.0
1120.0,no,
1121.0,si,1.0
1122.0,si,1.0
1123.0,no,
1124.0,si,1.0
1125.0,si,1.0
1126.0,no,
1127.0,no,
1128.0,si,1.0
1129.0,no,
1130.0,no,
1131.0,si,1.0
1132.0,si,2.0
1133.0,si,1.0
1134.0,si,1.0
1135.0,si,1.0
1136.0,no,
1137.0,si,1.0
1138.0,no,
1139.0,si,2.0
1140.0,no,
1141.0,no,
1142.0,no,
1143.0,si,1.0
1144.0,si,1.0
1145.0,si,1.0
1146.0,no,
1147.0,si,1.0
1148.0,si,1.0
1149.0,no,
1150.0,si,1.0
1151.0,no,
1152.0,no,
1153.0,no,
1154.0,no,
1155.0,no,
1156.0,no,
1157.0,si,1.0
1158.0,no,
1159.0,no,
1160.0,no,
1161.0,no,
1162.0,si,1.0
1163.0,no,
1164.0,no,
1165.0,si,1.0
1166.0,si,1.0
1167.0,no,
1168.0,si,1.0
1169.0,no,
1170.0,no,
1171.0,si,1.0
1172.0,no,
1173.0,no,
1174.0,no,
1175.0,no,
1176.0,no,
1177.0,no,
1178.0,no,
1179.0,no,
1180.0,no,
1181.0,no,
1182.0,no,
1183.0,no,
1184.0,no,
1185.0,no,
1186.0,no,
1187.0,no,
1188.0,no,
1189.0,no,
1190.0,si,2.0
1191.0,si,1.0
1192.0,si,1.0
1193.0,si,1.0
1194.0,si,1.0
1195.0,si,1.0
1196.0,si,2.0
1197.0,si,1.0
1198.0,no,
1199.0,si,1.0
1200.0,si,1.0
1201.0,si,1.0
1202.0,no,
1203.0,no,
1204.0,no,
1205.0,si,1.0
1206.0,no,
1207.0,no,
1208.0,si,1.0
1209.0,si,1.0
1210.0,si,2.0
1211.0,si,2.0
1212.0,si,1.0
1213.0,no,
1214.0,no,
1215.0,no,
1216.0,no,
1217.0,no,
1218.0,si,2.0
1219.0,no,
1220.0,si,1.0
1221.0,si,2.0
1222.0,no,
1223.0,no,
1224.0,si,1.0
1225.0,no,
1226.0,si,1.0
1227.0,no,
1228.0,no,
1229.0,si,1.0
1230.0,no,
1231.0,si,1.0
1232.0,si,1.0
1233.0,no,
1234.0,no,
1235.0,si,1.0
1236.0,si,3.0
1237.0,si,1.0
1238.0,si,1.0
1239.0,no,
1240.0,si,1.0
1241.0,si,1.0
1242.0,si,1.0
1243.0,no,
1244.0,si,2.0
1245.0,no,
1246.0,si,1.0
1247.0,no,
1248.0,no,
1249.0,no,
1250.0,no,
1251.0,no,
1252.0,no,
1253.0,no,
1254.0,no,
1255.0,no,
1256.0,no,
1257.0,no,
1258.0,no,
1259.0,si,1.0
1260.0,no,
1261.0,no,
1262.0,si,1.0
1263.0,no,
1264.0,no,
1265.0,no,
1266.0,si,1.0
1267.0,no,
1268.0,no,
1269.0,si,3.0
1270.0,si,1.0
1271.0,no,
1272.0,no,
1273.0,si,1.0
1274.0,no,
1275.0,no,
1276.0,no,
1277.0,no,
1278.0,no,
1279.0,no,
1280.0,no,
1281.0,no,
1282.0,no,
1283.0,no,
1284.0,si,1.0
1285.0,si,2.0
1286.0,si,1.0
1287.0,no,
1288.0,si,2.0
1289.0,si,1.0
1290.0,si,1.0
1291.0,no,
1292.0,no,
1293.0,si,3.0
1294.0,si,1.0
1295.0,si,1.0
1296.0,no,
1297.0,si,1.0
1298.0,si,2.0
1299.0,si,2.0
1300.0,si,1.0
1301.0,si,2.0
1302.0,si,2.0
1303.0,no,
1304.0,no,
1305.0,no,
1306.0,si,1.0
1307.0,no,
1308.0,no,
1309.0,no,
1310.0,no,
1311.0,no,
1312.0,no,
1313.0,no,
1314.0,no,
1315.0,no,
1316.0,no,
1317.0,no,
1318.0,no,
1319.0,no,
1320.0,si,1.0
1321.0,si,1.0
1322.0,si,1.0
1323.0,no,
1324.0,si,1.0
1325.0,no,
1326.0,no,
1327.0,si,1.0
1328.0,no,
1329.0,si,1.0
1330.0,si,2.0
1331.0,si,1.0
1332.0,no,
1333.0,no,
1334.0,si,1.0
1335.0,si,2.0
1336.0,si,1.0
1337.0,no,
1338.0,no,
1339.0,si,2.0
1340.0,si,1.0
1341.0,no,
1342.0,no,
1343.0,si,1.0
1344.0,no,
1345.0,no,
1346.0,si,1.0
1347.0,si,1.0
1348.0,no,
1349.0,si,2.0
1350.0,si,1.0
1351.0,no,
1352.0,no,
1353.0,si,1.0
1354.0,si,1.0
1355.0,si,1.0
1356.0,si,1.0
1357.0,no,
1358.0,no,
1359.0,si,1.0
1360.0,si,1.0
1361.0,no,
1362.0,si,1.0
1363.0,si,1.0
1364.0,si,1.0
1365.0,si,1.0
1366.0,si,1.0
1367.0,si,3.0
1368.0,si,2.0
1369.0,si,1.0
1370.0,si,4.0
1371.0,si,1.0
1372.0,si,1.0
1373.0,si,1.0
1374.0,si,1.0
1375.0,no,
1376.0,si,1.0
1377.0,si,1.0
1378.0,si,1.0
1379.0,si,2.0
1380.0,si,1.0
1381.0,si,1.0
1382.0,si,2.0
1383.0,no,
1384.0,si,1.0
1385.0,no,
1386.0,si,2.0
1387.0,no,
1388.0,no,
1389.0,si,2.0
1390.0,si,1.0
1391.0,no,
1392.0,si,1.0
1393.0,si,1.0
1394.0,si,1.0
1395.0,si,2.0
1396.0,no,
1397.0,no,
1398.0,si,1.0
1399.0,si,1.0
1400.0,si,1.0
1401.0,si,1.0
1402.0,si,1.0
1403.0,no,
1404.0,si,2.0
1405.0,si,2.0
1406.0,si,1.0
1407.0,no,
1408.0,si,1.0
1409.0,no,
1410.0,no,
1411.0,si,1.0
1412.0,no,
1413.0,no,
1414.0,no,
1415.0,si,1.0
1416.0,no,
1417.0,si,2.0
1418.0,no,
1419.0,si,1.0
1420.0,si,1.0
1421.0,si,1.0
1422.0,no,
1423.0,si,2.0
1424.0,si,1.0
1425.0,no,
1426.0,no,
1427.0,no,
1428.0,no,
1429.0,si,1.0
1430.0,si,1.0
1431.0,si,1.0
1432.0,si,2.0
1433.0,no,
1434.0,no,
1435.0,no,
1436.0,si,1.0
1437.0,si,2.0
1438.0,si,1.0
1439.0,no,
1440.0,si,1.0
1441.0,no,
1442.0,no,
1443.0,no,
1444.0,si,3.0
1445.0,no,
1446.0,no,
1447.0,no,1.0
1448.0,si,1.0
1449.0,no,
1450.0,si,1.0
1451.0,si,1.0
1452.0,si,3.0
1453.0,si,2.0
1454.0,no,
1455.0,si,2.0
1456.0,si,2.0
1457.0,si,1.0
1458.0,no,
1459.0,no,
1460.0,no,
1461.0,no,
1462.0,si,1.0
1463.0,si,1.0
1464.0,si,1.0
1465.0,si,1.0
1466.0,si,1.0
1467.0,no,
1468.0,si,1.0
1469.0,si,1.0
1470.0,si,1.0
1471.0,no,
1472.0,si,1.0
1473.0,si,1.0
1474.0,si,1.0
1475.0,si,1.0
1476.0,si,2.0
1477.0,si,2.0
1478.0,si,2.0
1479.0,no,
1480.0,si,1.0
1481.0,no,
1482.0,si,1.0
1483.0,no,
1484.0,si,1.0
1485.0,si,1.0
1486.0,si,1.0
1487.0,si,1.0
1488.0,no,
1489.0,si,1.0
1490.0,no,
1491.0,no,
1492.0,no,
1493.0,no,
1494.0,no,
1495.0,no,
1496.0,no,
1497.0,no,
1498.0,no,
1499.0,no,
1500.0,si,1.0
1501.0,no,
1502.0,no,
1503.0,no,
1504.0,si,1.0
1505.0,no,
1506.0,no,
1507.0,no,
1508.0,no,
1509.0,no,
1510.0,no,
1511.0,si,1.0
1512.0,si,1.0
1513.0,si,1.0
1514.0,no,
1515.0,si,1.0
1516.0,no,
1517.0,si,1.0
1518.0,no,
1519.0,si,2.0
1520.0,si,1.0
1521.0,no,
1522.0,si,2.0
1523.0,no,
1524.0,no,
1525.0,no,
1526.0,si,1.0
1527.0,no,
1528.0,si,1.0
1529.0,si,3.0
1530.0,si,1.0
1531.0,si,1.0
1532.0,no,
1533.0,si,2.0
1534.0,si,1.0
1535.0,no,
1536.0,si,1.0
1537.0,si,3.0
1538.0,si,1.0
1539.0,no,
1540.0,si,1.0
1541.0,si,2.0
1542.0,si,1.0
1543.0,no,
1544.0,no,
1545.0,no,
1546.0,no,
1547.0,si,1.0
1548.0,no,
1549.0,si,2.0
1550.0,si,1.0
1551.0,no,
1552.0,si,2.0
1553.0,si,1.0
1554.0,si,1.0
1555.0,si,1.0
1556.0,si,1.0
1557.0,no,
1558.0,no,
1559.0,si,1.0
1560.0,no,
1561.0,no,
1562.0,no,
1563.0,no,
1564.0,no,
1565.0,no,
1566.0,no,
1567.0,no,
1568.0,no,
1569.0,no,
1570.0,si,1.0
1571.0,no,
1572.0,si,2.0
1573.0,si,1.0
1574.0,si,1.0
1575.0,si,2.0
1576.0,no,
1577.0,no,
1578.0,no,
1579.0,si,1.0
1580.0,si,1.0
1581.0,si,1.0
1582.0,si,1.0
1583.0,si,1.0
1584.0,no,
1585.0,no,
1586.0,no,
1587.0,no,
1588.0,si,2.0
1589.0,no,
1590.0,si,1.0
1591.0,si,1.0
1592.0,si,1.0
1593.0,no,
1594.0,no,
1595.0,no,
1596.0,no,
1597.0,no,
1598.0,no,
1599.0,no,
1600.0,no,
1601.0,no,
1602.0,no,
1603.0,no,
1604.0,no,
1605.0,no,
1606.0,no,
1607.0,no,
1608.0,no,
1609.0,no,
1610.0,no,
1611.0,no,
1612.0,no,
1613.0,no,
1614.0,no,
1615.0,no,
1616.0,si,1.0
1617.0,no,
1618.0,si,1.0
1619.0,no,
1620.0,no,
1621.0,no,
1622.0,no,
1623.0,no,
1624.0,no,
1625.0,no,
1626.0,no,
1627.0,no,
1628.0,no,
1629.0,no,
1630.0,no,
1631.0,no,
1632.0,no,
1633.0,no,
1634.0,no,
1635.0,no,
1636.0,si,2.0
1637.0,no,
1638.0,no,
1639.0,no,
1640.0,no,
1641.0,si,1.0
1642.0,no,
1643.0,no,
1644.0,no,
1645.0,no,
1646.0,no,
1647.0,no,
1648.0,si,2.0
1649.0,no,
1650.0,no,
1651.0,no,
1652.0,no,
1653.0,no,
1654.0,no,
1655.0,no,
1656.0,si,1.0
1657.0,si,3.0
1658.0,no,
1659.0,si,2.0
1660.0,si,3.0
1661.0,no,
1662.0,no,
1663.0,si,1.0
1664.0,no,
1665.0,si,1.0
1666.0,si,2.0
1667.0,si,1.0
1668.0,no,
1669.0,no,
1670.0,si,1.0
1671.0,no,
1672.0,no,
1673.0,no,
1674.0,no,
1675.0,no,
1676.0,si,1.0
1677.0,no,
1678.0,no,
1679.0,si,1.0
1680.0,si,1.0
1681.0,si,2.0
1682.0,no,
1683.0,si,4.0
1684.0,no,
1685.0,no,
1686.0,no,
1687.0,no,
1688.0,si,1.0
1689.0,no,
1690.0,no,
1691.0,si,1.0
1692.0,no,
1693.0,no,
1694.0,no,
1695.0,no,
1696.0,si,1.0
1697.0,si,1.0
1698.0,no,
1699.0,no,
1700.0,no,
1701.0,no,
1702.0,no,
1703.0,si,1.0
1704.0,no,
1705.0,no,
1706.0,no,
1707.0,no,
1708.0,no,
1709.0,no,
1710.0,no,
1711.0,si,1.0
1712.0,si,1.0
1713.0,no,
1714.0,no,
1715.0,no,
1716.0,no,
1717.0,si,1.0
1718.0,no,
1719.0,no,
1720.0,si,1.0
1721.0,no,
1722.0,no,
1723.0,no,
1724.0,si,1.0
1725.0,si,2.0
1726.0,no,
1727.0,no,
1728.0,no,
1729.0,no,
1730.0,no,
1731.0,no,
1732.0,no,
1733.0,si,1.0
1734.0,no,
1735.0,no,
1736.0,no,
1737.0,no,
1738.0,no,
1739.0,no,
1740.0,no,
1741.0,si,1.0
1742.0,si,1.0
1743.0,no,
1744.0,no,
1745.0,no,
1746.0,no,
1747.0,no,
1748.0,no,
1749.0,no,
1750.0,no,
1751.0,no,
1752.0,no,
1753.0,no,
1754.0,no,
1755.0,no,
1756.0,no,
1757.0,no,
1758.0,no,
1759.0,no,
1760.0,no,
1761.0,no,
1762.0,no,
1763.0,si,1.0
1764.0,no,
1765.0,si,1.0
1766.0,si,1.0
1767.0,no,
1768.0,no,
1769.0,no,
1770.0,no,
1771.0,si,1.0
1772.0,si,1.0
1773.0,si,2.0
1774.0,no,
1775.0,no,
1776.0,no,
1777.0,no,
1778.0,si,2.0
1779.0,no,
1780.0,si,1.0
1781.0,si,1.0
1782.0,si,2.0
1783.0,si,2.0
1784.0,no,
1785.0,no,
1786.0,no,
1787.0,no,
1788.0,no,
1789.0,no,
1790.0,no,
1791.0,no,
1792.0,no,
1793.0,si,2.0
1794.0,no,
1795.0,no,
1796.0,no,
1797.0,si,1.0
1798.0,si,1.0
1799.0,no,
1800.0,si,1.0
1801.0,no,
1802.0,si,1.0
1803.0,no,
1804.0,no,
1805.0,si,2.0
1806.0,si,2.0
1807.0,no,
1808.0,no,
1809.0,no,
1810.0,si,1.0
1811.0,no,
1812.0,no,
1813.0,no,
1814.0,no,
1815.0,no,
1816.0,no,
1817.0,si,1.0
1818.0,si,1.0
1819.0,no,
1820.0,no,
1821.0,no,
1822.0,si,1.0
1823.0,no,
1824.0,si,1.0
1825.0,no,
1826.0,si,1.0
1827.0,no,
1828.0,no,
1829.0,si,1.0
1830.0,no,
1831.0,no,
1832.0,si,1.0
1833.0,si,2.0
1834.0,si,2.0
1835.0,si,1.0
1836.0,si,1.0
1837.0,no,
1838.0,si,1.0
1839.0,si,1.0
1840.0,si,1.0
1841.0,si,2.0
1842.0,no,
1843.0,no,
1844.0,si,1.0
1845.0,no,
1846.0,no,
1847.0,no,
1848.0,si,1.0
1849.0,si,1.0
1850.0,si,1.0
1851.0,no,
1852.0,no,
1853.0,no,
1854.0,no,
1855.0,si,1.0
1856.0,si,2.0
1857.0,no,
1858.0,no,
1859.0,si,1.0
1860.0,no,
1861.0,si,1.0
1862.0,no,
1863.0,no,
1864.0,si,1.0
1865.0,si,1.0
1866.0,no,
1867.0,no,
1868.0,no,
1869.0,no,
1870.0,no,
1871.0,no,
1872.0,no,
1873.0,no,
1874.0,no,
1875.0,no,
1876.0,no,
1877.0,no,
1878.0,no,
1879.0,no,
1880.0,no,
1881.0,no,
1882.0,no,
1883.0,no,
1884.0,si,3.0
1885.0,no,
1886.0,si,1.0
1887.0,no,
1888.0,no,
1889.0,no,
1890.0,no,
1891.0,no,
1892.0,no,
1893.0,si,1.0
1894.0,no,
1895.0,si,1.0
1896.0,no,
1897.0,no,
1898.0,si,3.0
1899.0,no,
1900.0,si,1.0
1901.0,si,1.0
1902.0,no,
1903.0,no,
1904.0,no,
1905.0,no,
1906.0,si,1.0
1907.0,no,
1908.0,no,
1909.0,no,
1910.0,no,
1911.0,no,
1912.0,no,
1913.0,no,
1914.0,no,
1915.0,no,
1916.0,si,1.0
1917.0,si,1.0
1918.0,no,
1919.0,si,1.0
1920.0,si,1.0
1921.0,no,
1922.0,no,
1923.0,no,
1924.0,si,1.0
1925.0,no,
1926.0,no,
1927.0,no,
1928.0,no,
1929.0,no,
1930.0,no,
1931.0,si,1.0
1932.0,no,
1933.0,no,
1934.0,si,1.0
1935.0,no,
1936.0,no,
1937.0,si,1.0
1938.0,si,1.0
1939.0,si,1.0
1940.0,no,
1941.0,si,1.0
1942.0,si,1.0
1943.0,si,1.0
1944.0,si,1.0
1945.0,no,
1946.0,no,
1947.0,no,
1948.0,no,
1949.0,si,1.0
1950.0,si,1.0
1951.0,no,
1952.0,si,2.0
1953.0,si,1.0
1954.0,si,1.0
1955.0,no,
1956.0,no,
1957.0,si,1.0
1958.0,no,
1959.0,no,
1960.0,no,
1961.0,si,1.0
1962.0,no,
1963.0,no,
1964.0,no,
1965.0,si,1.0
1966.0,no,
1967.0,no,
1968.0,no,
1969.0,si,1.0
1970.0,no,
1971.0,no,
1972.0,no,
1973.0,no,
1974.0,no,
1975.0,no,
1976.0,no,
1977.0,no,
1978.0,no,
1979.0,no,
1980.0,si,1.0
1981.0,no,
1982.0,no,
1983.0,no,
1984.0,no,
1985.0,no,
1986.0,si,1.0
1987.0,no,
1988.0,no,
1989.0,si,1.0
1990.0,no,
1991.0,no,
1992.0,no,
1993.0,no,
1994.0,no,
1995.0,no,
1996.0,no,
1997.0,no,
1998.0,no,
1999.0,no,
2000.0,no,
2001.0,no,
2002.0,no,
2003.0,si,1.0
2004.0,no,
2005.0,si,1.0
2006.0,no,
2007.0,no,
2008.0,no,
2009.0,si,1.0
2010.0,no,
2011.0,no,
2012.0,no,
2013.0,no,
2014.0,no,
2015.0,si,1.0
2016.0,no,
2017.0,no,
2018.0,no,
2019.0,no,
2020.0,no,
2021.0,no,
2022.0,si,1.0
2023.0,no,
2024.0,no,
2025.0,no,
2026.0,no,
2027.0,no,
2028.0,no,
2029.0,no,
2030.0,no,
2031.0,no,
2032.0,no,
2033.0,no,
2034.0,no,
2035.0,no,
2036.0,no,
2037.0,no,
2038.0,no,
2039.0,no,
2040.0,si,1.0
2041.0,no,
2042.0,no,
2043.0,no,
2044.0,si,1.0
2045.0,no,
2046.0,no,
2047.0,no,
2048.0,no,
2049.0,no,
2050.0,no,
2051.0,si,1.0
2052.0,no,
2053.0,si,2.0
2054.0,no,
2055.0,si,2.0
2056.0,no,
2057.0,no,
2058.0,no,
2059.0,no,
2060.0,si,1.0
2061.0,si,1.0
2062.0,si,2.0
2063.0,si,1.0
2064.0,no,
2065.0,no,
2066.0,no,
2067.0,si,1.0
2068.0,no,
2069.0,no,
2070.0,no,
2071.0,no,
2072.0,no,
2073.0,no,
2074.0,no,
2075.0,no,
2076.0,si,1.0
2077.0,no,
2078.0,no,
2079.0,no,
2080.0,si,1.0
2081.0,no,
2082.0,no,
2083.0,no,
2084.0,no,
2085.0,no,
2086.0,no,
2087.0,no,
2088.0,no,
2089.0,no,
2090.0,no,
2091.0,no,
2092.0,no,
2093.0,no,
2094.0,no,
2095.0,no,
2096.0,no,
2097.0,no,
2098.0,no,
2099.0,no,
2100.0,no,
2101.0,no,
2102.0,no,
2103.0,no,
2104.0,no,
2105.0,si,1.0
2106.0,no,
2107.0,no,
2108.0,no,
2109.0,no,
2110.0,no,
2111.0,no,
2112.0,no,
2113.0,no,
2114.0,no,
2115.0,si,1.0
2116.0,no,
2117.0,no,
2118.0,no,
2119.0,no,
2120.0,no,
2121.0,no,
2122.0,no,
2123.0,no,
2124.0,no,
2125.0,no,
2126.0,no,
2127.0,si,1.0
2128.0,no,
2129.0,si,1.0
2130.0,no,
2131.0,si,1.0
2132.0,no,
2133.0,si,1.0
2134.0,no,
2135.0,no,
2136.0,si,1.0
2137.0,no,
2138.0,no,
2139.0,no,
2140.0,no,
2141.0,no,
2142.0,si,1.0
2143.0,no,
2144.0,si,2.0
2145.0,no,
2146.0,si,2.0
2147.0,no,
2148.0,no,
2149.0,no,
2150.0,si,1.0
2151.0,no,
2152.0,si,2.0
2153.0,no,
2154.0,si,2.0
2155.0,si,1.0
2156.0,no,
2157.0,no,
2158.0,si,1.0
2159.0,no,
2160.0,no,
2161.0,no,
2162.0,no,
2163.0,si,1.0
2164.0,si,1.0
2165.0,no,
2166.0,no,
2167.0,no,
2168.0,no,
2169.0,no,
2170.0,no,
2171.0,si,3.0
2172.0,no,
2173.0,no,
2174.0,no,
2175.0,si,1.0
2176.0,si,2.0
2177.0,no,
2178.0,si,1.0
2179.0,no,
2180.0,si,1.0
2181.0,si,1.0
2182.0,no,
2183.0,no,
2184.0,no,
2185.0,no,
2186.0,no,
2187.0,no,
2188.0,no,
2189.0,no,
2190.0,no,
2191.0,no,
2192.0,no,
2193.0,no,
2194.0,no,
2195.0,no,
2196.0,no,
2197.0,no,
2198.0,no,
2199.0,no,
2200.0,no,
2201.0,no,
2202.0,no,
2203.0,si,3.0
2204.0,si,1.0
2205.0,si,1.0
2206.0,si,1.0
2207.0,no,
2208.0,no,
2209.0,si,1.0
2210.0,si,3.0
2211.0,si,1.0
2212.0,si,1.0
2213.0,si,1.0
2214.0,no,
2215.0,si,1.0
2216.0,si,3.0
2217.0,si,1.0
2218.0,no,
2219.0,si,3.0
2220.0,si,1.0
2221.0,si,1.0
2222.0,no,
2223.0,si,1.0
2224.0,si,1.0
2225.0,no,
2226.0,si,1.0
2227.0,si,1.0
2228.0,no,
2229.0,no,
2230.0,no,
2231.0,si,1.0
2232.0,no,
2233.0,si,2.0
2234.0,no,
2235.0,no,
2236.0,no,
2237.0,no,
2238.0,no,
2239.0,no,
2240.0,no,1.0
2241.0,no,
2242.0,no,
2243.0,si,1.0
2244.0,no,
2245.0,no,
2246.0,no,
2247.0,si,1.0
2248.0,si,1.0
2249.0,no,
2250.0,si,1.0
2251.0,no,
2252.0,no,
2253.0,no,
2254.0,no,
2255.0,no,
2256.0,no,
2257.0,no,
2258.0,no,
2259.0,no,
2260.0,no,
2261.0,si,1.0
2262.0,no,
2263.0,no,
2264.0,no,
2265.0,no,
2266.0,si,1.0
2267.0,si,1.0
2268.0,si,1.0
2269.0,no,
2270.0,no,
2271.0,no,
2272.0,no,
2273.0,no,
2274.0,no,
2275.0,si,1.0
2276.0,si,1.0
2277.0,si,1.0
2278.0,si,1.0
2279.0,si,1.0
2280.0,no,
2281.0,si,1.0
2282.0,no,
2283.0,no,
2284.0,si,2.0
2285.0,no,
2286.0,no,
2287.0,no,
2288.0,si,1.0
2289.0,si,1.0
2290.0,si,1.0
2291.0,no,
2292.0,si,1.0
2293.0,no,
2294.0,si,1.0
2295.0,si,1.0
2296.0,no,
2297.0,si,1.0
2298.0,si,1.0
2299.0,no,
2300.0,si,1.0
2301.0,si,1.0
2302.0,si,1.0
2303.0,si,1.0
2304.0,no,
2305.0,si,1.0
2306.0,no,
2307.0,si,1.0
2308.0,no,
2309.0,no,
2310.0,si,1.0
2311.0,no,
2312.0,si,1.0
2313.0,no,
2314.0,no,
2315.0,si,1.0
2316.0,si,1.0
2317.0,si,1.0
2318.0,si,1.0
2319.0,no,
2320.0,no,
2321.0,si,1.0
2322.0,si,1.0
2323.0,si,1.0
2324.0,si,1.0
2325.0,si,1.0
2326.0,no,
2327.0,no,
2328.0,si,1.0
2329.0,si,1.0
2330.0,si,1.0
2331.0,si,2.0
2332.0,no,
2333.0,si,1.0
2334.0,si,2.0
2335.0,no,
2336.0,no,
2337.0,si,2.0
2338.0,si,1.0
2339.0,si,1.0
2340.0,si,1.0
2341.0,no,
2342.0,si,1.0
2343.0,si,1.0
2344.0,no,
2345.0,no,
2346.0,no,
2347.0,no,
2348.0,si,1.0
2349.0,no,
2350.0,si,2.0
2351.0,no,
2352.0,si,1.0
2353.0,no,
2354.0,no,
2355.0,no,
2356.0,si,1.0
2357.0,no,
2358.0,no,
2359.0,si,1.0
2360.0,no,
2361.0,no,
2362.0,no,
2363.0,no,
2364.0,no,
2365.0,no,
2366.0,no,
2367.0,no,
2368.0,no,
2369.0,no,
2370.0,no,
2371.0,no,
2372.0,si,1.0
2373.0,si,1.0
2374.0,si,1.0
2375.0,si,1.0
2376.0,no,
2377.0,si,1.0
2378.0,no,
2379.0,no,
2380.0,si,1.0
2381.0,si,1.0
2382.0,no,
2383.0,no,
2384.0,si,1.0
2385.0,si,1.0
2386.0,si,1.0
2387.0,no,
2388.0,si,1.0
2389.0,no,
2390.0,si,1.0
2391.0,no,
2392.0,si,1.0
2393.0,no,
2394.0,no,
2395.0,no,
2396.0,no,
2397.0,no,
2398.0,no,
2399.0,si,1.0
2400.0,no,
2401.0,si,1.0
2402.0,si,1.0
2403.0,si,1.0
2404.0,no,
2405.0,no,
2406.0,no,
2407.0,no,
2408.0,no,
2409.0,no,
2410.0,no,
2411.0,no,
2412.0,no,
2413.0,no,
2414.0,no,
2415.0,no,
2416.0,no,
2417.0,no,
2418.0,no,
2419.0,si,1.0
2420.0,si,3.0
2421.0,si,1.0
2422.0,si,2.0
2423.0,si,2.0
2424.0,si,2.0
2425.0,si,1.0
2426.0,si,2.0
2427.0,si,2.0
2428.0,si,1.0
2429.0,no,
2430.0,si,1.0
2431.0,no,
2432.0,no,
2433.0,no,
2434.0,si,1.0
2435.0,si,1.0
2436.0,si,1.0
2437.0,no,
2438.0,no,
2439.0,no,
2440.0,no,
2441.0,no,
2442.0,no,
2443.0,no,
2444.0,no,
2445.0,no,
2446.0,no,
2447.0,no,
2448.0,no,
2449.0,si,1.0
2450.0,no,
2451.0,si,1.0
2452.0,si,1.0
2453.0,si,1.0
2454.0,si,1.0
2455.0,no,
2456.0,si,1.0
2457.0,si,1.0
2458.0,si,3.0
2459.0,no,
2460.0,no,
2461.0,no,
2462.0,no,
2463.0,si,1.0
2464.0,no,
2465.0,si,1.0
2466.0,no,
2467.0,si,1.0
2468.0,no,
2469.0,no,
2470.0,no,
2471.0,no,
2472.0,si,1.0
2473.0,si,1.0
2474.0,no,
2475.0,no,
2476.0,no,
2477.0,no,
2478.0,no,
2479.0,si,1.0
2480.0,si,1.0
2481.0,no,
2482.0,no,
2483.0,si,1.0
2484.0,si,1.0
2485.0,no,
2486.0,si,2.0
2487.0,si,1.0
2488.0,no,
2489.0,no,
2490.0,si,1.0
2491.0,no,
2492.0,no,
2493.0,no,
2494.0,no,
2495.0,no,
2496.0,no,
2497.0,no,
2498.0,no,
2499.0,si,1.0
2500.0,no,
2501.0,no,
2502.0,no,
2503.0,no,
2504.0,no,
2505.0,no,
2506.0,no,
2507.0,si,1.0
2508.0,si,1.0
2509.0,no,
2510.0,no,
2511.0,si,1.0
2512.0,no,
2513.0,no,
2514.0,no,
2515.0,no,
2516.0,no,
2517.0,no,
2518.0,si,1.0
2519.0,no,
2520.0,no,
2521.0,no,
2522.0,no,
2523.0,si,2.0
2524.0,no,
2525.0,no,
2526.0,no,
2527.0,no,
2528.0,no,
2529.0,si,1.0
2530.0,no,
2531.0,no,
2532.0,si,1.0
2533.0,no,
2534.0,no,
2535.0,no,
2536.0,no,
2537.0,no,
2538.0,no,
2539.0,no,
2540.0,no,
2541.0,no,
2542.0,no,
2543.0,no,
2544.0,no,
2545.0,no,
2546.0,no,
2547.0,no,
2548.0,no,
2549.0,si,1.0
2550.0,no,
2551.0,si,1.0
2552.0,no,
2553.0,no,
2554.0,no,
2555.0,si,1.0
2556.0,no,
2557.0,no,
2558.0,no,
2559.0,no,
2560.0,no,
2561.0,no,
2562.0,no,
2563.0,si,1.0
2564.0,no,
2565.0,no,
2566.0,no,
2567.0,no,
2568.0,no,
2569.0,si,1.0
2570.0,no,
2571.0,no,
2572.0,no,
2573.0,no,
2574.0,no,
2575.0,no,
2576.0,no,
2577.0,no,
2578.0,si,1.0
2579.0,no,
2580.0,si,1.0
2581.0,si,1.0
2582.0,si,2.0
2583.0,no,
2584.0,si,1.0
2585.0,si,1.0
2586.0,si,1.0
2587.0,si,2.0
2588.0,si,1.0
2589.0,no,
2590.0,no,
2591.0,no,
2592.0,no,
2593.0,no,
2594.0,si,2.0
2595.0,no,
2596.0,si,1.0
2597.0,no,
2598.0,no,
2599.0,no,
2600.0,no,
2601.0,no,
2602.0,si,2.0
2603.0,si,1.0
2604.0,no,
2605.0,no,
2606.0,no,
2607.0,no,
2608.0,si,1.0
2609.0,si,1.0
2610.0,no,
2611.0,si,1.0
2612.0,si,2.0
2613.0,si,1.0
2614.0,no,
2615.0,no,
2616.0,no,
2617.0,no,
2618.0,si,1.0
2619.0,no,
2620.0,no,
2621.0,si,1.0
2622.0,si,1.0
2623.0,si,1.0
2624.0,si,1.0
2625.0,no,
2626.0,no,
2627.0,no,
2628.0,no,
2629.0,no,
2630.0,si,1.0
2631.0,si,3.0
2632.0,no,
2633.0,si,2.0
2634.0,si,1.0
2635.0,si,2.0
2636.0,si,2.0
2637.0,si,1.0
2638.0,si,1.0
2639.0,si,1.0
2640.0,no,
2641.0,no,
2642.0,no,
2643.0,si,1.0
2644.0,no,
2645.0,si,1.0
2646.0,no,
2647.0,si,1.0
2648.0,no,
2649.0,no,
2650.0,no,
2651.0,no,
2652.0,si,2.0
2653.0,si,1.0
2654.0,no,
2655.0,no,
2656.0,no,
2657.0,si,1.0
2658.0,si,1.0
2659.0,no,
2660.0,no,
2661.0,si,1.0
2662.0,no,
2663.0,no,
2664.0,si,1.0
2665.0,no,
2666.0,si,3.0
2667.0,no,
2668.0,si,1.0
2669.0,no,
2670.0,si,1.0
2671.0,si,2.0
2672.0,si,3.0
2673.0,si,1.0
2674.0,si,2.0
2675.0,si,1.0
2676.0,si,1.0
2677.0,no,
2678.0,si,2.0
2679.0,si,1.0
2680.0,si,1.0
2681.0,si,1.0
2682.0,no,
2683.0,si,3.0
2684.0,si,1.0
2685.0,si,2.0
2686.0,si,1.0
2687.0,no,
2688.0,no,
2689.0,si,3.0
2690.0,si,1.0
2691.0,si,1.0
2692.0,no,
2693.0,no,
2694.0,si,1.0
2695.0,no,
2696.0,no,
2697.0,no,
2698.0,si,2.0
2699.0,no,
2700.0,si,1.0
2701.0,no,
2702.0,si,1.0
2703.0,no,
2704.0,no,
2705.0,si,1.0
2706.0,no,
2707.0,no,
2708.0,si,2.0
2709.0,no,
2710.0,no,
2711.0,no,
2712.0,no,
2713.0,no,
2714.0,no,
2715.0,si,2.0
2716.0,si,3.0
2717.0,no,
2718.0,si,1.0
2719.0,no,
2720.0,si,1.0
2721.0,no,
2722.0,si,1.0
2723.0,si,1.0
2724.0,no,
2725.0,no,
2726.0,no,
2727.0,si,2.0
2728.0,no,
2729.0,si,2.0
2730.0,si,6.0
2731.0,no,
2732.0,si,1.0
2733.0,no,
2734.0,si,1.0
2735.0,no,
2736.0,no,
2737.0,no,
2738.0,no,
2739.0,no,
2740.0,si,1.0
2741.0,no,
2742.0,si,1.0
2743.0,si,1.0
2744.0,si,1.0
2745.0,si,1.0
2746.0,si,1.0
2747.0,no,
2748.0,no,
2749.0,no,
2750.0,no,
2751.0,no,
2752.0,no,
2753.0,no,
2754.0,no,
2755.0,no,
2756.0,no,
2757.0,no,
2758.0,si,1.0
2759.0,no,
2760.0,no,
2761.0,no,
2762.0,si,1.0
2763.0,si,2.0
2764.0,si,2.0
2765.0,no,
2766.0,no,
2767.0,si,1.0
2768.0,no,
2769.0,si,1.0
2770.0,no,
2771.0,no,
2772.0,si,1.0
2773.0,no,
2774.0,si,2.0
2775.0,no,
2776.0,no,
2777.0,no,
2778.0,si,1.0
2779.0,si,1.0
2780.0,no,
2781.0,si,1.0
2782.0,si,1.0
2783.0,no,
2784.0,si,1.0
2785.0,si,2.0
2786.0,si,3.0
2787.0,si,1.0
2788.0,no,
2789.0,no,
2790.0,si,1.0
2791.0,si,1.0
2792.0,si,2.0
2793.0,si,1.0
2794.0,no,
2795.0,si,1.0
2796.0,no,
2797.0,si,3.0
2798.0,si,2.0
2799.0,si,1.0
2800.0,si,1.0
2801.0,si,1.0
2802.0,si,1.0
2803.0,si,1.0
2804.0,si,1.0
2805.0,si,2.0
2806.0,no,
2807.0,si,1.0
2808.0,si,1.0
2809.0,no,
2810.0,no,
2811.0,no,
2812.0,si,1.0
2813.0,si,1.0
2814.0,no,
2815.0,si,1.0
2816.0,no,
2817.0,no,
2818.0,si,1.0
2819.0,si,1.0
2820.0,si,1.0
2821.0,no,
2822.0,no,
2823.0,no,
2824.0,si,5.0
2825.0,no,
2826.0,no,
2827.0,si,1.0
2828.0,si,1.0
2829.0,si,1.0
2830.0,si,1.0
2831.0,si,1.0
2832.0,si,2.0
2833.0,si,2.0
2834.0,no,
2835.0,no,
2836.0,no,
2837.0,si,1.0
2838.0,si,2.0
2839.0,no,
2840.0,no,
2841.0,no,
2842.0,no,
2843.0,no,
2844.0,no,
2845.0,no,
2846.0,no,
2847.0,no,
2848.0,si,1.0
2849.0,no,
2850.0,si,1.0
2851.0,si,2.0
2852.0,no,
2853.0,no,
2854.0,si,1.0
2855.0,si,1.0
2856.0,no,
2857.0,si,1.0
2858.0,no,
2859.0,no,
2860.0,si,2.0
2861.0,si,1.0
2862.0,si,1.0
2863.0,si,1.0
2864.0,si,1.0
2865.0,si,1.0
2866.0,si,2.0
2867.0,si,1.0
2868.0,si,1.0
2869.0,si,1.0
2870.0,no,
2871.0,no,
2872.0,no,
2873.0,si,1.0
2874.0,si,1.0
2875.0,si,1.0
2876.0,si,1.0
2877.0,no,
2878.0,si,1.0
2879.0,si,1.0
2880.0,si,1.0
2881.0,si,1.0
2882.0,no,
2883.0,no,
2884.0,si,1.0
2885.0,no,
2886.0,si,1.0
2887.0,no,
2888.0,no,
2889.0,no,
2890.0,no,
2891.0,no,
2892.0,no,
2893.0,no,
2894.0,no,
2895.0,si,2.0
2896.0,si,1.0
2897.0,si,1.0
2898.0,si,2.0
2899.0,si,1.0
2900.0,no,
2901.0,no,
2902.0,no,
2903.0,no,
2904.0,no,
2905.0,no,
2906.0,no,
2907.0,no,
2908.0,no,
2909.0,no,
2910.0,no,
2911.0,no,
2912.0,no,
2913.0,no,
2914.0,no,
2915.0,no,
2916.0,no,
2917.0,no,
2918.0,si,1.0
2919.0,no,
2920.0,no,
2921.0,si,1.0
2922.0,no,
2923.0,si,1.0
2924.0,no,
2925.0,si,1.0
2926.0,si,1.0
2927.0,si,1.0
2928.0,si,1.0
2929.0,si,1.0
2930.0,no,
2931.0,si,1.0
2932.0,si,1.0
2933.0,si,1.0
2934.0,no,
2935.0,no,
2936.0,si,1.0
2937.0,no,
2938.0,no,
2939.0,no,
2940.0,no,
2941.0,no,
2942.0,no,
2943.0,no,
2944.0,no,
2945.0,no,
2946.0,no,
2947.0,si,1.0
2948.0,si,1.0
2949.0,si,1.0
2950.0,no,
2951.0,no,
2952.0,no,
2953.0,no,
2954.0,no,
2955.0,si,1.0
2956.0,no,
2957.0,si,1.0
2958.0,no,
2959.0,si,1.0
2960.0,no,
2961.0,si,1.0
2962.0,si,1.0
2963.0,si,1.0
2964.0,si,1.0
2965.0,no,
2966.0,no,
2967.0,si,2.0
2968.0,si,1.0
2969.0,no,
2970.0,si,1.0
2971.0,si,1.0
2972.0,no,
2973.0,si,1.0
2974.0,si,1.0
2975.0,si,3.0
2976.0,si,1.0
2977.0,no,
2978.0,no,
2979.0,no,
2980.0,si,1.0
2981.0,no,
2982.0,no,
2983.0,no,
2984.0,si,1.0
2985.0,si,1.0
2986.0,no,
2987.0,no,
2988.0,no,
2989.0,no,
2990.0,no,
2991.0,no,
2992.0,si,1.0
2993.0,no,
2994.0,no,
2995.0,si,3.0
2996.0,no,
2997.0,no,
2998.0,si,1.0
2999.0,no,
3000.0,si,1.0
3001.0,no,
3002.0,no,
3003.0,si,3.0
3004.0,no,
3005.0,no,
3006.0,no,
3007.0,si,1.0
3008.0,no,
3009.0,si,1.0
3010.0,si,1.0
3011.0,si,1.0
3012.0,si,1.0
3013.0,si,1.0
3014.0,si,1.0
3015.0,no,
3016.0,si,3.0
3017.0,no,
3018.0,no,
3019.0,no,
3020.0,no,
3021.0,no,
3022.0,si,1.0
3023.0,si,1.0
3024.0,si,1.0
3025.0,no,
3026.0,no,
3027.0,no,
3028.0,no,
3029.0,si,1.0
3030.0,no,
3031.0,no,
3032.0,no,
3033.0,no,
3034.0,no,
3035.0,no,
3036.0,no,
3037.0,no,
3038.0,no,
3039.0,si,1.0
3040.0,no,
3041.0,si,1.0
3042.0,no,
3043.0,si,1.0
3044.0,no,
3045.0,no,
3046.0,no,
3047.0,si,1.0
3048.0,si,1.0
3049.0,no,
3050.0,si,1.0
3051.0,no,
3052.0,si,1.0
3053.0,no,
3054.0,si,1.0
3055.0,si,1.0
3056.0,si,1.0
3057.0,no,
3058.0,no,
3059.0,si,1.0
3060.0,no,
3061.0,no,
3062.0,no,
3063.0,no,
3064.0,no,
3065.0,no,
3066.0,no,
3067.0,no,
3068.0,no,
3069.0,no,
3070.0,no,
3071.0,no,
3072.0,no,
3073.0,no,
3074.0,no,
3075.0,si,1.0
3076.0,si,1.0
3077.0,no,
3078.0,si,1.0
3079.0,no,
3080.0,no,
3081.0,no,
3082.0,no,
3083.0,si,2.0
3084.0,no,
3085.0,si,1.0
3086.0,no,
3087.0,si,1.0
3088.0,no,
3089.0,no,
3090.0,no,
3091.0,no,
3092.0,si,1.0
3093.0,si,1.0
3094.0,si,1.0
3095.0,no,
3096.0,si,1.0
3097.0,si,2.0
3098.0,no,
3099.0,si,2.0
3100.0,si,1.0
3101.0,si,1.0
3102.0,si,1.0
3103.0,si,1.0
3104.0,si,2.0
3105.0,no,
3106.0,no,
3107.0,no,
3108.0,no,
3109.0,si,2.0
3110.0,no,
3111.0,no,
3112.0,no,
3113.0,si,1.0
3114.0,no,
3115.0,si,1.0
3116.0,no,
3117.0,no,
3118.0,si,2.0
3119.0,no,
3120.0,si,3.0
3121.0,no,
3122.0,no,
3123.0,si,1.0
3124.0,si,3.0
3125.0,no,
3126.0,si,2.0
3127.0,no,
3128.0,no,
3129.0,si,2.0
3130.0,si,1.0
3131.0,si,1.0
3132.0,si,1.0
3133.0,si,1.0
3134.0,no,
3135.0,no,
3136.0,no,
3137.0,no,
3138.0,no,
3139.0,no,
3140.0,no,
3141.0,no,
3142.0,no,
3143.0,no,
3144.0,si,1.0
3145.0,no,
3146.0,si,1.0
3147.0,no,
3148.0,no,
3149.0,no,
3150.0,si,1.0
3151.0,si,1.0
3152.0,no,
3153.0,no,
3154.0,no,
3155.0,no,
3156.0,si,1.0
3157.0,si,3.0
3158.0,no,
3159.0,si,1.0
3160.0,si,1.0
3161.0,si,1.0
3162.0,si,1.0
3163.0,si,1.0
3164.0,no,
3165.0,no,
3166.0,si,1.0
3167.0,si,1.0
3168.0,no,
3169.0,si,1.0
3170.0,si,1.0
3171.0,no,
3172.0,si,1.0
3173.0,no,
3174.0,si,1.0
3175.0,si,1.0
3176.0,si,2.0
3177.0,no,
3178.0,no,
3179.0,no,
3180.0,no,
3181.0,no,
3182.0,no,
3183.0,no,
3184.0,no,
3185.0,si,1.0
3186.0,no,
3187.0,no,
3188.0,si,1.0
3189.0,no,
3190.0,no,
3191.0,no,
3192.0,no,
3193.0,si,1.0
3194.0,no,
3195.0,no,
3196.0,no,
3197.0,no,
3198.0,no,
3199.0,no,
3200.0,no,
3201.0,no,
3202.0,no,
3203.0,no,
3204.0,no,
3205.0,no,
3206.0,no,
3207.0,no,
3208.0,no,
3209.0,no,
3210.0,no,
3211.0,no,
3212.0,no,
3213.0,no,
3214.0,no,
3215.0,no,
3216.0,si,1.0
3217.0,no,
3218.0,no,
3219.0,no,
3220.0,si,1.0
3221.0,no,
3222.0,si,1.0
3223.0,no,
3224.0,no,
3225.0,no,
3226.0,no,
3227.0,no,
3228.0,si,1.0
3229.0,no,
3230.0,no,
3231.0,no,
3232.0,no,
3233.0,no,
3234.0,si,1.0
3235.0,no,
3236.0,no,
3237.0,no,
3238.0,no,
3239.0,si,1.0
3240.0,si,1.0
3241.0,no,
3242.0,no,
3243.0,no,
3244.0,no,
3245.0,no,
3246.0,no,
3247.0,no,
3248.0,no,
3249.0,si,1.0
3250.0,no,
3251.0,si,1.0
3252.0,no,
3253.0,no,
3254.0,si,1.0
3255.0,no,
3256.0,no,
3257.0,no,
3258.0,no,
3259.0,si,2.0
3260.0,no,
3261.0,no,
3262.0,si,2.0
3263.0,si,2.0
3264.0,si,2.0
3265.0,no,
3266.0,no,
3267.0,si,1.0
3268.0,no,
3269.0,si,1.0
3270.0,si,2.0
3271.0,no,
3272.0,no,
3273.0,no,
3274.0,no,
3275.0,no,
3276.0,si,1.0
3277.0,no,
3278.0,no,
3279.0,no,
3280.0,no,
3281.0,no,
3282.0,no,
3283.0,no,
3284.0,no,
3285.0,no,
3286.0,no,
3287.0,no,
3288.0,no,
3289.0,no,
3290.0,si,1.0
3291.0,no,
3292.0,no,
3293.0,si,1.0
3294.0,si,1.0
3295.0,no,
3296.0,no,
3297.0,si,1.0
3298.0,no,
3299.0,si,1.0
3300.0,si,1.0
3301.0,no,
3302.0,no,
3303.0,no,
3304.0,si,1.0
3305.0,no,
3306.0,no,
3307.0,no,
3308.0,no,
3309.0,no,
3310.0,no,
3311.0,no,
3312.0,no,
3313.0,no,
3314.0,no,
3315.0,no,
3316.0,no,
3317.0,si,1.0
3318.0,no,
3319.0,si,2.0
3320.0,no,
3321.0,no,
3322.0,no,
3323.0,no,
3324.0,no,
3325.0,si,1.0
3326.0,no,
3327.0,si,1.0
3328.0,no,
3329.0,no,
3330.0,no,
3331.0,no,
3332.0,si,1.0
3333.0,si,1.0
3334.0,no,
3335.0,si,1.0
3336.0,no,
3337.0,no,
3338.0,si,1.0
3339.0,si,1.0
3340.0,si,1.0
3341.0,no,
3342.0,no,
3343.0,no,
3344.0,si,1.0
3345.0,si,3.0
3346.0,si,1.0
3347.0,no,
3348.0,no,
3349.0,si,1.0
3350.0,no,
3351.0,si,1.0
3352.0,no,
3353.0,no,
3354.0,no,
3355.0,si,1.0
3356.0,no,
3357.0,si,1.0
3358.0,si,1.0
3359.0,si,1.0
3360.0,no,
3361.0,si,2.0
3362.0,si,1.0
3363.0,si,1.0
3364.0,no,
3365.0,no,
3366.0,no,
3367.0,no,
3368.0,no,
3369.0,si,1.0
3370.0,si,1.0
3371.0,no,
3372.0,no,
3373.0,no,
3374.0,no,
3375.0,si,1.0
3376.0,si,2.0
3377.0,no,
3378.0,no,
3379.0,no,
3380.0,no,
3381.0,no,
3382.0,no,
3383.0,no,
3384.0,no,
3385.0,no,
3386.0,no,
3387.0,no,
3388.0,no,
3389.0,no,
3390.0,no,
3391.0,no,
3392.0,no,
3393.0,no,
3394.0,no,
3395.0,si,2.0
3396.0,no,
3397.0,si,1.0
3398.0,si,1.0
3399.0,no,
3400.0,no,
3401.0,si,1.0
3402.0,si,1.0
3403.0,no,
3404.0,no,
3405.0,no,
3406.0,no,
3407.0,si,1.0
3408.0,si,1.0
3409.0,si,1.0
3410.0,si,3.0
3411.0,si,2.0
3412.0,si,1.0
3413.0,no,
3414.0,no,
3415.0,no,
3416.0,no,
3417.0,no,
3418.0,no,
3419.0,si,1.0
3420.0,no,
3421.0,no,
3422.0,no,
3423.0,no,
3424.0,no,
3425.0,si,2.0
3426.0,si,1.0
3427.0,no,
3428.0,si,2.0
3429.0,no,
3430.0,no,
3431.0,si,1.0
3432.0,no,
3433.0,si,2.0
3434.0,si,3.0
3435.0,no,
3436.0,si,1.0
3437.0,no,
3438.0,no,
3439.0,no,
3440.0,no,
3441.0,no,
3442.0,si,1.0
3443.0,si,1.0
3444.0,no,
3445.0,no,
3446.0,no,
3447.0,si,1.0
3448.0,no,
3449.0,si,1.0
3450.0,si,1.0
3451.0,no,
3452.0,no,
3453.0,no,
3454.0,no,
3455.0,no,
3456.0,no,
3457.0,no,
3458.0,si,1.0
3459.0,no,
3460.0,no,
3461.0,si,1.0
3462.0,no,
3463.0,si,1.0
3464.0,si,1.0
3465.0,no,
3466.0,no,
3467.0,no,
3468.0,no,
3469.0,si,2.0
3470.0,no,
3471.0,si,1.0
3472.0,si,2.0
3473.0,si,1.0
3474.0,si,1.0
3475.0,no,
3476.0,si,1.0
3477.0,no,
3478.0,no,
3479.0,no,
3480.0,no,
3481.0,si,2.0
3482.0,si,1.0
3483.0,no,
3484.0,no,
3485.0,no,
3486.0,no,
3487.0,si,1.0
3488.0,no,
3489.0,si,1.0
3490.0,no,
3491.0,no,
3492.0,no,
3493.0,no,
3494.0,no,
3495.0,no,
3496.0,no,
3497.0,no,
3498.0,si,1.0
3499.0,si,2.0
3500.0,no,
3501.0,si,1.0
3502.0,si,1.0
3503.0,si,2.0
3504.0,no,
3505.0,si,1.0
3506.0,si,1.0
3507.0,si,1.0
3508.0,no,
3509.0,si,1.0
3510.0,no,
3511.0,si,1.0
3512.0,no,
3513.0,si,1.0
3514.0,si,1.0
3515.0,no,
3516.0,si,1.0
3517.0,si,1.0
3518.0,si,1.0
3519.0,no,
3520.0,si,1.0
3521.0,no,
3522.0,no,
3523.0,no,
3524.0,no,
3525.0,no,
3526.0,si,1.0
3527.0,no,
3528.0,no,
3529.0,no,
3530.0,si,1.0
3531.0,no,
3532.0,no,
3533.0,no,
3534.0,si,1.0
3535.0,no,
3536.0,no,
3537.0,no,
3538.0,no,
3539.0,no,
3540.0,no,
3541.0,no,
3542.0,no,
3543.0,no,
3544.0,no,
3545.0,no,
3546.0,no,
3547.0,no,
3548.0,no,
3549.0,no,
3550.0,no,
3551.0,no,
3552.0,no,
3553.0,no,
3554.0,no,
3555.0,no,
3556.0,no,
3557.0,si,1.0
3558.0,no,
3559.0,no,
3560.0,no,
3561.0,si,1.0
3562.0,no,
3563.0,no,
3564.0,no,
3565.0,no,
3566.0,no,
3567.0,no,
3568.0,no,
3569.0,no,
3570.0,no,
3571.0,no,
3572.0,no,
3573.0,no,
3574.0,si,1.0
3575.0,no,
3576.0,no,
3577.0,no,
3578.0,no,
3579.0,no,
3580.0,no,
3581.0,no,
3582.0,no,
3583.0,no,
3584.0,si,1.0
3585.0,no,
3586.0,si,1.0
3587.0,no,
3588.0,si,1.0
3589.0,no,
3590.0,no,
3591.0,no,
3592.0,si,1.0
3593.0,no,
3594.0,no,
3595.0,no,
3596.0,si,1.0
3597.0,no,
3598.0,si,1.0
3599.0,si,2.0
3600.0,no,
3601.0,si,2.0
3602.0,no,
3603.0,si,1.0
3604.0,si,1.0
3605.0,si,1.0
3606.0,no,
3607.0,no,
3608.0,no,
3609.0,no,
3610.0,no,
3611.0,no,
3612.0,si,1.0
3613.0,si,1.0
3614.0,si,1.0
3615.0,no,
3616.0,no,
3617.0,si,1.0
3618.0,no,
3619.0,no,
3620.0,no,
3621.0,no,
3622.0,no,
3623.0,no,
3624.0,no,
3625.0,no,
3626.0,no,
3627.0,no,
3628.0,si,1.0
3629.0,no,
3630.0,no,
3631.0,no,
3632.0,no,
3633.0,si,2.0
3634.0,si,1.0
3635.0,si,1.0
3636.0,no,
3637.0,no,
3638.0,no,
3639.0,si,1.0
3640.0,si,2.0
3641.0,no,
3642.0,si,1.0
3643.0,no,
3644.0,no,
3645.0,no,
3646.0,no,
3647.0,si,1.0
3648.0,no,
3649.0,si,2.0
3650.0,no,
3651.0,no,
3652.0,no,
3653.0,si,1.0
3654.0,si,1.0
3655.0,no,
3656.0,si,2.0
3657.0,si,2.0
3658.0,si,2.0
3659.0,no,
3660.0,no,
3661.0,no,
3662.0,no,
3663.0,no,
3664.0,si,1.0
3665.0,si,3.0
3666.0,si,1.0
3667.0,no,
3668.0,no,
3669.0,no,
3670.0,no,
3671.0,no,
3672.0,no,
3673.0,no,
3674.0,si,1.0
3675.0,si,1.0
3676.0,si,1.0
3677.0,si,1.0
3678.0,si,1.0
3679.0,si,1.0
3680.0,si,1.0
3681.0,no,
3682.0,si,2.0
3683.0,si,1.0
3684.0,si,1.0
3685.0,si,1.0
3686.0,si,1.0
3687.0,no,
3688.0,si,1.0
3689.0,si,1.0
3690.0,no,
3691.0,si,1.0
3692.0,si,2.0
3693.0,no,
3694.0,si,2.0
3695.0,no,
3696.0,no,
3697.0,no,
3698.0,no,
3699.0,si,1.0
3700.0,no,
3701.0,si,2.0
3702.0,no,
3703.0,no,
3704.0,si,1.0
3705.0,si,3.0
3706.0,no,
3707.0,no,
3708.0,si,2.0
3709.0,si,1.0
3710.0,si,1.0
3711.0,no,
3712.0,si,1.0
3713.0,no,
3714.0,si,1.0
3715.0,si,1.0
3716.0,no,
3717.0,no,
3718.0,no,
3719.0,no,
3720.0,si,1.0
3721.0,no,
3722.0,si,2.0
3723.0,si,1.0
3724.0,si,1.0
3725.0,si,1.0
3726.0,no,
3727.0,no,
3728.0,si,1.0
3729.0,no,
3730.0,si,1.0
3731.0,no,
3732.0,si,2.0
3733.0,no,
3734.0,no,
3735.0,si,1.0
3736.0,si,1.0
3737.0,si,1.0
3738.0,si,1.0
3739.0,no,
3740.0,si,2.0
3741.0,no,
3742.0,no,
3743.0,si,1.0
3744.0,si,1.0
3745.0,si,1.0
3746.0,no,
3747.0,si,1.0
3748.0,no,
3749.0,si,3.0
3750.0,si,1.0
3751.0,no,
3752.0,no,
3753.0,no,
3754.0,si,1.0
3755.0,no,
3756.0,no,
3757.0,no,
3758.0,no,
3759.0,si,2.0
3760.0,no,
3761.0,no,
3762.0,si,1.0
3763.0,si,1.0
3764.0,no,
3765.0,si,1.0
3766.0,no,
3767.0,no,
3768.0,si,1.0
3769.0,si,1.0
3770.0,si,1.0
3771.0,no,
3772.0,si,1.0
3773.0,no,
3774.0,no,
3775.0,no,
3776.0,no,
3777.0,no,
3778.0,si,4.0
3779.0,si,1.0
3780.0,no,
3781.0,si,1.0
3782.0,si,1.0
3783.0,si,2.0
3784.0,si,1.0
3785.0,si,2.0
3786.0,si,1.0
3787.0,si,2.0
3788.0,si,4.0
3789.0,no,
3790.0,si,1.0
3791.0,si,1.0
3792.0,si,1.0
3793.0,si,2.0
3794.0,si,1.0
3795.0,no,
3796.0,si,2.0
3797.0,no,
3798.0,si,1.0
3799.0,si,3.0
3800.0,no,
3801.0,si,1.0
3802.0,no,
3803.0,no,
3804.0,no,
3805.0,si,1.0
3806.0,no,
3807.0,no,
3808.0,si,1.0
3809.0,no,
3810.0,si,1.0
3811.0,no,
3812.0,no,
3813.0,no,
3814.0,si,1.0
3815.0,no,
3816.0,si,1.0
3817.0,no,
3818.0,si,1.0
3819.0,no,
3820.0,si,2.0
3821.0,no,
3822.0,si,1.0
3823.0,no,
3824.0,no,
3825.0,no,
3826.0,no,
3827.0,si,1.0
3828.0,no,
3829.0,no,
3830.0,si,1.0
3831.0,no,
3832.0,no,
3833.0,no,
3834.0,no,
3835.0,no,
3836.0,no,
3837.0,no,
3838.0,no,
3839.0,si,2.0
3840.0,no,
3841.0,no,
3842.0,si,1.0
3843.0,no,
3844.0,si,1.0
3845.0,no,
3846.0,si,1.0
3847.0,si,1.0
3848.0,si,1.0
3849.0,si,1.0
3850.0,no,
3851.0,no,
3852.0,no,
3853.0,no,
3854.0,si,1.0
3855.0,no,
3856.0,si,1.0
3857.0,no,
3858.0,no,
3859.0,si,1.0
3860.0,no,
3861.0,no,
3862.0,no,
3863.0,no,
3864.0,no,
3865.0,no,
3866.0,no,
3867.0,no,
3868.0,no,
3869.0,no,
3870.0,no,
3871.0,no,
3872.0,no,
3873.0,no,
3874.0,no,
3875.0,no,
3876.0,no,
3877.0,no,
3878.0,no,
3879.0,no,
3880.0,no,
3881.0,no,
3882.0,no,
3883.0,no,
3884.0,no,
3885.0,no,
3886.0,si,1.0
3887.0,no,
3888.0,no,
3889.0,no,
3890.0,no,
3891.0,no,
3892.0,no,
3893.0,no,
3894.0,si,1.0
3895.0,no,
3896.0,si,1.0
3897.0,si,1.0
3898.0,no,
3899.0,si,2.0
3900.0,si,1.0
3901.0,no,
3902.0,si,1.0
3903.0,si,1.0
3904.0,si,1.0
3905.0,si,1.0
3906.0,no,
3907.0,si,2.0
3908.0,no,
3909.0,no,
3910.0,si,1.0
3911.0,no,
3912.0,no,
3913.0,si,1.0
3914.0,no,
3915.0,no,
3916.0,no,
3917.0,no,
3918.0,no,
3919.0,no,
3920.0,no,
3921.0,no,
3922.0,no,
3923.0,si,1.0
3924.0,no,
3925.0,no,
3926.0,no,
3927.0,no,
3928.0,no,
3929.0,si,1.0
3930.0,no,
3931.0,no,
3932.0,no,
3933.0,no,
3934.0,no,
3935.0,no,
3936.0,no,
3937.0,no,
3938.0,si,1.0
3939.0,no,
3940.0,no,
3941.0,no,
3942.0,no,
3943.0,no,
3944.0,no,
3945.0,no,
3946.0,no,
3947.0,no,
3948.0,no,
3949.0,no,
3950.0,no,
3951.0,no,
3952.0,no,
3953.0,no,
3954.0,no,
3955.0,no,
3956.0,no,
3957.0,si,1.0
3958.0,no,
3959.0,no,
3960.0,si,1.0
3961.0,no,
3962.0,si,1.0
3963.0,no,
3964.0,si,1.0
3965.0,no,
3966.0,si,1.0
3967.0,si,1.0
3968.0,no,
3969.0,no,
3970.0,si,1.0
3971.0,no,
3972.0,si,1.0
3973.0,no,
3974.0,no,
3975.0,no,
3976.0,si,1.0
3977.0,no,
3978.0,si,1.0
3979.0,si,1.0
3980.0,si,1.0
3981.0,no,
3982.0,si,1.0
3983.0,si,1.0
3984.0,si,1.0
3985.0,no,
3986.0,no,
3987.0,no,
3988.0,si,1.0
3989.0,si,1.0
3990.0,no,
3991.0,si,1.0
3992.0,no,
3993.0,si,1.0
3994.0,no,
3995.0,no,
3996.0,no,
3997.0,no,
3998.0,no,
3999.0,si,1.0
4000.0,si,1.0
4001.0,no,
4002.0,no,
4003.0,no,
4004.0,no,
4005.0,no,
4006.0,no,
4007.0,si,1.0
4008.0,no,
4009.0,si,1.0
4010.0,no,
4011.0,si,1.0
4012.0,si,1.0
4013.0,no,
4014.0,no,
4015.0,no,
4016.0,no,
4017.0,no,
4018.0,no,
4019.0,no,
4020.0,no,
4021.0,no,
4022.0,no,
4023.0,si,1.0
4024.0,no,
4025.0,no,
4026.0,no,
4027.0,si,1.0
4028.0,no,
4029.0,no,
4030.0,no,
4031.0,no,
4032.0,no,
4033.0,no,
4034.0,no,
4035.0,no,
4036.0,si,1.0
4037.0,si,1.0
4038.0,no,
4039.0,si,1.0
4040.0,no,
4041.0,no,
4042.0,si,1.0
4043.0,si,1.0
4044.0,no,
4045.0,no,
4046.0,no,
4047.0,no,
4048.0,no,
4049.0,no,
4050.0,no,
4051.0,no,
4052.0,no,
4053.0,no,
4054.0,no,
4055.0,si,1.0
4056.0,no,
4057.0,no,
4058.0,si,1.0
4059.0,no,
4060.0,no,
4061.0,no,
4062.0,si,1.0
4063.0,no,
4064.0,no,
4065.0,si,1.0
4066.0,si,1.0
4067.0,no,
4068.0,no,
4069.0,no,
4070.0,no,
4071.0,no,
4072.0,no,
4073.0,no,
4074.0,no,
4075.0,no,
4076.0,no,
4077.0,no,
4078.0,no,
4079.0,no,
4080.0,no,
4081.0,no,
4082.0,si,1.0
4083.0,no,
4084.0,no,
4085.0,si,1.0
4086.0,si,1.0
4087.0,no,
4088.0,no,
4089.0,no,
4090.0,no,
4091.0,no,
4092.0,no,
4093.0,si,2.0
4094.0,no,
4095.0,no,
4096.0,no,
4097.0,no,
4098.0,no,
4099.0,no,
4100.0,no,
4101.0,no,
4102.0,no,
4103.0,no,
4104.0,no,
4105.0,no,
4106.0,no,
4107.0,no,
4108.0,no,
4109.0,no,
4110.0,no,
4111.0,no,
4112.0,no,
4113.0,no,
4114.0,no,
4115.0,no,
4116.0,si,2.0
4117.0,si,1.0
4118.0,no,
4119.0,no,
4120.0,no,
4121.0,no,
4122.0,si,1.0
4123.0,no,
4124.0,no,
4125.0,si,1.0
4126.0,no,
4127.0,no,
4128.0,no,
4129.0,si,1.0
4130.0,si,1.0
4131.0,si,1.0
4132.0,no,
4133.0,no,
4134.0,no,
4135.0,no,
4136.0,no,
4137.0,no,
4138.0,si,1.0
4139.0,no,
4140.0,no,
4141.0,no,
4142.0,no,
4143.0,si,1.0
4144.0,no,
4145.0,no,
4146.0,no,
4147.0,no,
4148.0,no,
4149.0,no,
4150.0,no,
4151.0,no,
4152.0,no,
4153.0,si,1.0
4154.0,no,
4155.0,si,1.0
4156.0,no,
4157.0,no,
4158.0,si,1.0
4159.0,si,2.0
4160.0,no,
4161.0,si,1.0
4162.0,no,
4163.0,si,1.0
4164.0,no,
4165.0,no,
4166.0,no,
4167.0,no,
4168.0,no,
4169.0,no,
4170.0,no,
4171.0,no,
4172.0,si,1.0
4173.0,no,
4174.0,no,
4175.0,no,
4176.0,no,
4177.0,no,
4178.0,no,
4179.0,no,
4180.0,no,
4181.0,si,1.0
4182.0,no,
4183.0,no,
4184.0,no,
4185.0,no,
4186.0,no,
4187.0,si,2.0
4188.0,no,
4189.0,no,
4190.0,no,
4191.0,no,
4192.0,no,
4193.0,si,1.0
4194.0,no,
4195.0,no,
4196.0,si,1.0
4197.0,si,1.0
4198.0,no,
4199.0,no,
4200.0,no,
4201.0,no,
4202.0,no,
4203.0,no,
4204.0,si,1.0
4205.0,no,
4206.0,si,1.0
4207.0,no,
4208.0,no,
4209.0,si,1.0
4210.0,si,1.0
4211.0,no,
4212.0,no,
4213.0,no,
4214.0,no,
4215.0,no,
4216.0,si,1.0
4217.0,si,1.0
4218.0,no,
4219.0,no,
4220.0,no,
4221.0,no,
4222.0,no,
4223.0,si,1.0
4224.0,no,
4225.0,no,
4226.0,no,
4227.0,no,
4228.0,si,1.0
4229.0,no,
4230.0,no,
4231.0,no,
4232.0,no,
4233.0,no,
4234.0,no,
4235.0,no,
4236.0,no,
4237.0,no,
4238.0,no,
4239.0,si,2.0
4240.0,no,
4241.0,no,
4242.0,si,1.0
4243.0,no,
4244.0,si,1.0
4245.0,no,
4246.0,no,
4247.0,si,1.0
4248.0,si,1.0
4249.0,no,
4250.0,no,
4251.0,si,1.0
4252.0,no,
4253.0,no,
4254.0,si,1.0
4255.0,no,
4256.0,si,1.0
4257.0,no,
4258.0,si,1.0
4259.0,si,2.0
4260.0,si,2.0
4261.0,si,3.0
4262.0,si,1.0
4263.0,si,1.0
4264.0,no,
4265.0,si,1.0
4266.0,no,
4267.0,no,
4268.0,no,
4269.0,si,2.0
4270.0,no,
4271.0,si,1.0
4272.0,no,
4273.0,si,1.0
4274.0,no,
4275.0,no,
4276.0,no,
4277.0,no,
4278.0,no,
4279.0,no,
4280.0,no,
4281.0,no,
4282.0,no,
4283.0,no,
4284.0,no,
4285.0,no,
4286.0,no,
4287.0,no,
4288.0,no,
4289.0,no,
4290.0,si,1.0
4291.0,no,
4292.0,no,
4293.0,no,
4294.0,no,
4295.0,si,1.0
4296.0,si,1.0
4297.0,si,1.0
4298.0,si,1.0
4299.0,si,1.0
4300.0,si,1.0
4301.0,no,
4302.0,si,2.0
4303.0,no,
4304.0,no,
4305.0,no,
4306.0,no,
4307.0,no,
4308.0,no,
4309.0,no,
4310.0,no,
4311.0,no,
4312.0,no,
4313.0,no,
4314.0,no,
4315.0,no,
4316.0,si,1.0
4317.0,no,
4318.0,no,
4319.0,no,
4320.0,no,
4321.0,si,1.0
4322.0,no,
4323.0,si,1.0
4324.0,no,
4325.0,no,
4326.0,no,
4327.0,si,1.0
4328.0,no,
4329.0,si,1.0
4330.0,si,1.0
4331.0,si,1.0
4332.0,no,
4333.0,si,3.0
4334.0,no,
4335.0,si,1.0
4336.0,no,
4337.0,no,
4338.0,si,1.0
4339.0,no,
4340.0,no,
4341.0,si,1.0
4342.0,no,
4343.0,no,
4344.0,no,
4345.0,si,1.0
4346.0,no,
4347.0,no,
4348.0,no,
4349.0,si,1.0
4350.0,no,
4351.0,si,2.0
4352.0,no,
4353.0,no,
4354.0,no,
4355.0,si,1.0
4356.0,no,
4357.0,no,
4358.0,si,2.0
4359.0,si,1.0
4360.0,no,
4361.0,si,1.0
4362.0,no,
4363.0,no,
4364.0,no,
4365.0,no,
4366.0,no,
4367.0,si,1.0
4368.0,no,
4369.0,no,
4370.0,si,1.0
4371.0,si,1.0
4372.0,si,1.0
4373.0,no,
4374.0,no,
4375.0,si,2.0
4376.0,no,
4377.0,si,1.0
4378.0,no,
4379.0,no,
4380.0,no,
4381.0,si,2.0
4382.0,no,
4383.0,no,
4384.0,si,1.0
4385.0,no,
4386.0,si,1.0
4387.0,si,1.0
4388.0,si,1.0
4389.0,si,1.0
4390.0,si,1.0
4391.0,si,2.0
4392.0,si,2.0
4393.0,si,1.0
4394.0,si,2.0
4395.0,si,1.0
4396.0,si,1.0
4397.0,no,
4398.0,no,
4399.0,no,
4400.0,no,
4401.0,no,
4402.0,no,
4403.0,no,
4404.0,no,
4405.0,no,
4406.0,si,1.0
4407.0,no,
4408.0,no,
4409.0,no,
4410.0,si,1.0
4411.0,no,
4412.0,no,
4413.0,si,1.0
4414.0,si,1.0
4415.0,no,
4416.0,si,1.0
4417.0,no,
4418.0,si,1.0
4419.0,si,1.0
4420.0,si,1.0
4421.0,no,
4422.0,si,1.0
4423.0,si,1.0
4424.0,si,2.0
4425.0,no,
4426.0,si,1.0
4427.0,si,1.0
4428.0,no,
4429.0,no,
4430.0,si,2.0
4431.0,no,
4432.0,no,
4433.0,si,1.0
4434.0,no,
4435.0,no,
4436.0,no,
4437.0,no,
4438.0,no,
4439.0,no,
4440.0,no,
4441.0,no,
4442.0,no,
4443.0,no,
4444.0,no,
4445.0,no,
4446.0,no,
4447.0,no,
4448.0,no,
4449.0,no,
4450.0,no,
4451.0,si,1.0
4452.0,no,
4453.0,si,1.0
4454.0,no,
4455.0,no,
4456.0,no,
4457.0,no,
4458.0,no,
4459.0,no,
4460.0,no,
4461.0,si,2.0
4462.0,no,
4463.0,no,
4464.0,no,
4465.0,no,
4466.0,no,
4467.0,no,
4468.0,no,
4469.0,no,
4470.0,no,
4471.0,no,
4472.0,no,
4473.0,no,
4474.0,si,1.0
4475.0,no,
4476.0,no,
4477.0,no,
4478.0,no,
4479.0,no,
4480.0,no,
4481.0,no,
4482.0,no,
4483.0,no,
4484.0,no,
4485.0,no,
4486.0,no,
4487.0,no,
4488.0,no,
4489.0,no,
4490.0,no,
4491.0,no,
4492.0,no,
4493.0,no,
4494.0,no,
4495.0,no,
4496.0,no,
4497.0,no,
4498.0,no,
4499.0,no,
4500.0,si,1.0
4501.0,si,1.0
4502.0,no,
4503.0,si,1.0
4504.0,no,
4505.0,si,2.0
4506.0,si,3.0
4507.0,no,
4508.0,si,1.0
4509.0,no,
4510.0,no,
4511.0,si,2.0
4512.0,si,1.0
4513.0,no,
4514.0,si,3.0
4515.0,no,
4516.0,no,
4517.0,si,1.0
4518.0,no,
4519.0,no,
4520.0,no,
4521.0,si,1.0
4522.0,no,
4523.0,no,
4524.0,no,
4525.0,si,1.0
4526.0,si,1.0
4527.0,no,
4528.0,no,
4529.0,si,1.0
4530.0,no,
4531.0,no,
4532.0,si,1.0
4533.0,si,1.0
4534.0,no,
4535.0,no,
4536.0,no,
4537.0,no,
4538.0,si,1.0
4539.0,si,1.0
4540.0,si,1.0
4541.0,si,1.0
4542.0,no,
4543.0,si,2.0
4544.0,si,1.0
4545.0,si,2.0
4546.0,si,1.0
4547.0,si,1.0
4548.0,si,2.0
4549.0,si,1.0
4550.0,no,
4551.0,no,
4552.0,no,
4553.0,no,
4554.0,si,1.0
4555.0,no,
4556.0,no,
4557.0,no,
4558.0,no,
4559.0,no,
4560.0,no,
4561.0,si,1.0
4562.0,no,
4563.0,no,
4564.0,si,1.0
4565.0,no,
4566.0,no,
4567.0,si,2.0
4568.0,si,1.0
4569.0,si,1.0
4570.0,si,1.0
4571.0,si,1.0
4572.0,no,
4573.0,si,1.0
4574.0,no,
4575.0,si,3.0
4576.0,si,1.0
4577.0,no,
4578.0,no,
4579.0,si,1.0
4580.0,no,
4581.0,si,3.0
4582.0,no,
4583.0,no,
4584.0,no,
4585.0,no,
4586.0,si,1.0
4587.0,si,1.0
4588.0,no,
4589.0,no,
4590.0,si,1.0
4591.0,no,
4592.0,no,
4593.0,no,
4594.0,si,1.0
4595.0,si,2.0
4596.0,si,1.0
4597.0,no,
4598.0,no,
4599.0,si,2.0
4600.0,si,1.0
4601.0,no,
4602.0,no,
4603.0,si,1.0
4604.0,no,
4605.0,si,2.0
4606.0,si,1.0
4607.0,no,
4608.0,si,2.0
4609.0,si,1.0
4610.0,si,1.0
4611.0,no,
4612.0,si,1.0
4613.0,no,
4614.0,no,
4615.0,no,
4616.0,no,
4617.0,si,1.0
4618.0,si,1.0
4619.0,no,
4620.0,no,
4621.0,no,
4622.0,no,
4623.0,no,
4624.0,no,
4625.0,no,
4626.0,no,
4627.0,no,
4628.0,no,
4629.0,si,3.0
4630.0,si,1.0
4631.0,no,
4632.0,si,1.0
4633.0,no,
4634.0,si,2.0
4635.0,si,1.0
4636.0,si,1.0
4637.0,si,1.0
4638.0,si,1.0
4639.0,no,
4640.0,si,1.0
4641.0,si,1.0
4642.0,no,
4643.0,no,
4644.0,si,1.0
4645.0,no,
4646.0,si,1.0
4647.0,no,
4648.0,no,
4649.0,si,1.0
4650.0,no,
4651.0,si,3.0
4652.0,no,
4653.0,si,1.0
4654.0,si,1.0
4655.0,si,2.0
4656.0,no,
4657.0,si,2.0
4658.0,si,2.0
4659.0,si,1.0
4660.0,no,
4661.0,si,1.0
4662.0,no,
4663.0,si,2.0
4664.0,si,1.0
4665.0,si,1.0
4666.0,no,
4667.0,no,
4668.0,no,
4669.0,si,3.0
4670.0,si,2.0
4671.0,no,
4672.0,no,
4673.0,no,
4674.0,si,3.0
4675.0,si,1.0
4676.0,no,
4677.0,si,2.0
4678.0,si,2.0
4679.0,si,1.0
4680.0,no,
4681.0,si,1.0
4682.0,si,2.0
4683.0,no,
4684.0,si,1.0
4685.0,si,1.0
4686.0,no,
4687.0,no,
4688.0,si,3.0
4689.0,si,2.0
4690.0,si,2.0
4691.0,si,1.0
4692.0,si,2.0
4693.0,no,
4694.0,si,3.0
4695.0,no,
4696.0,si,2.0
4697.0,si,1.0
4698.0,si,3.0
4699.0,si,2.0
4700.0,si,3.0
4701.0,si,2.0
4702.0,si,2.0
4703.0,si,2.0
4704.0,si,3.0
4705.0,si,2.0
4706.0,si,3.0
4707.0,si,2.0
4708.0,si,4.0
4709.0,si,2.0
4710.0,si,4.0
4711.0,no,
4712.0,no,
4713.0,si,2.0
4714.0,si,2.0
4715.0,no,
4716.0,si,1.0
4717.0,si,1.0
4718.0,si,1.0
4719.0,si,1.0
4720.0,si,1.0
4721.0,no,
4722.0,no,
4723.0,no,
4724.0,no,
4725.0,si,1.0
4726.0,si,2.0
4727.0,no,
4728.0,si,1.0
4729.0,no,
4730.0,si,1.0
4731.0,no,
4732.0,si,1.0
4733.0,no,
4734.0,si,1.0
4735.0,no,
4736.0,si,1.0
4737.0,no,
4738.0,no,
4739.0,si,3.0
4740.0,no,
4741.0,si,3.0
4742.0,no,
4743.0,no,
4744.0,si,1.0
4745.0,si,1.0
4746.0,si,2.0
4747.0,no,
4748.0,no,
4749.0,no,
4750.0,no,
4751.0,no,
4752.0,no,
4753.0,si,2.0
4754.0,no,
4755.0,no,
4756.0,no,
4757.0,no,
4758.0,no,
4759.0,si,1.0
4760.0,no,
4761.0,no,
4762.0,no,
4763.0,no,
4764.0,si,1.0
4765.0,no,
4766.0,no,
4767.0,no,
4768.0,si,1.0
4769.0,si,1.0
4770.0,si,1.0
4771.0,si,1.0
4772.0,si,1.0
4773.0,no,
4774.0,no,
4775.0,si,2.0
4776.0,no,
4777.0,no,
4778.0,si,1.0
4779.0,si,1.0
4780.0,si,1.0
4781.0,si,2.0
4782.0,si,1.0
4783.0,si,1.0
4784.0,si,1.0
4785.0,no,
4786.0,si,2.0
4787.0,si,1.0
4788.0,no,
4789.0,no,
4790.0,si,1.0
4791.0,no,
4792.0,si,1.0
4793.0,no,
4794.0,si,1.0
4795.0,no,
4796.0,si,1.0
4797.0,no,
4798.0,si,1.0
4799.0,no,
4800.0,si,3.0
4801.0,no,
4802.0,si,3.0
4803.0,si,1.0
4804.0,si,2.0
4805.0,si,3.0
4806.0,no,
4807.0,si,2.0
4808.0,si,2.0
4809.0,no,
4810.0,si,1.0
4811.0,si,1.0
4812.0,si,1.0
4813.0,si,3.0
4814.0,si,1.0
4815.0,si,1.0
4816.0,si,1.0
4817.0,si,1.0
4818.0,si,1.0
4819.0,si,1.0
4820.0,si,1.0
4821.0,no,
4822.0,si,3.0
4823.0,si,2.0
4824.0,si,2.0
4825.0,no,
4826.0,si,1.0
4827.0,si,1.0
4828.0,si,1.0
4829.0,si,2.0
4830.0,si,2.0
4831.0,no,
4832.0,no,
4833.0,si,1.0
4834.0,si,2.0
4835.0,si,1.0
4836.0,si,1.0
4837.0,si,1.0
4838.0,no,
4839.0,no,
4840.0,si,1.0
4841.0,si,1.0
4842.0,no,
4843.0,no,
4844.0,no,
4845.0,no,
4846.0,no,
4847.0,si,1.0
4848.0,no,
4849.0,no,
4850.0,no,
4851.0,no,
4852.0,no,
4853.0,no,
4854.0,no,
4855.0,no,
4856.0,no,
4857.0,no,
4858.0,no,
4859.0,si,4.0
4860.0,no,
4861.0,si,1.0
4862.0,no,
4863.0,no,
4864.0,no,
4865.0,no,
4866.0,si,1.0
4867.0,no,
4868.0,no,
4869.0,no,
4870.0,no,
4871.0,no,
4872.0,no,
4873.0,no,
4874.0,no,
4875.0,no,
4876.0,no,
4877.0,no,
4878.0,si,1.0
4879.0,no,
4880.0,no,
4881.0,no,
4882.0,no,
4883.0,no,
4884.0,no,
4885.0,no,
4886.0,si,1.0
4887.0,no,
4888.0,no,
4889.0,no,
4890.0,no,
4891.0,no,
4892.0,si,1.0
4893.0,no,
4894.0,no,
4895.0,si,1.0
4896.0,si,1.0
4897.0,si,1.0
4898.0,no,
4899.0,no,
4900.0,no,
4901.0,no,
4902.0,si,1.0
4903.0,si,1.0
4904.0,no,
4905.0,no,
4906.0,si,1.0
4907.0,no,
4908.0,si,1.0
4909.0,no,
4910.0,si,2.0
4911.0,no,
4912.0,si,2.0
4913.0,no,
4914.0,no,
4915.0,no,
4916.0,no,
4917.0,no,
4918.0,no,
4919.0,no,
4920.0,no,
4921.0,no,
4922.0,no,
4923.0,no,
4924.0,no,
4925.0,no,
4926.0,no,
4927.0,si,2.0
4928.0,no,
4929.0,si,1.0
4930.0,no,
4931.0,si,1.0
4932.0,si,1.0
4933.0,si,1.0
4934.0,si,2.0
4935.0,si,2.0
4936.0,si,2.0
4937.0,no,
4938.0,si,1.0
4939.0,si,1.0
4940.0,no,
4941.0,si,1.0
4942.0,si,1.0
4943.0,no,
4944.0,no,
4945.0,si,1.0
4946.0,si,1.0
4947.0,no,
4948.0,no,
4949.0,si,1.0
4950.0,no,
4951.0,no,
4952.0,si,1.0
4953.0,si,1.0
4954.0,si,2.0
4955.0,no,
4956.0,no,
4957.0,si,1.0
4958.0,si,1.0
4959.0,si,1.0
4960.0,si,1.0
4961.0,no,
4962.0,si,1.0
4963.0,no,
4964.0,si,1.0
4965.0,si,1.0
4966.0,no,
4967.0,no,
4968.0,no,
4969.0,no,
4970.0,no,
4971.0,si,1.0
4972.0,no,
4973.0,no,
4974.0,no,
4975.0,no,
4976.0,no,
4977.0,no,
4978.0,no,
4979.0,no,
4980.0,no,
4981.0,si,3.0
4982.0,no,
4983.0,si,1.0
4984.0,no,
4985.0,no,
4986.0,no,
4987.0,no,
4988.0,no,
4989.0,no,
4990.0,no,
4991.0,si,1.0
4992.0,no,
4993.0,si,3.0
4994.0,no,
4995.0,si,1.0
4996.0,si,1.0
4997.0,si,1.0
4998.0,si,1.0
4999.0,si,1.0
5000.0,si,1.0
5001.0,si,1.0
5002.0,si,2.0
5003.0,no,
5004.0,no,
5005.0,no,
5006.0,no,
5007.0,no,
5008.0,no,
5009.0,no,
5010.0,no,
5011.0,no,
5012.0,si,1.0
5013.0,si,3.0
5014.0,no,
5015.0,no,
5016.0,no,
5017.0,no,
5018.0,no,
5019.0,si,1.0
5020.0,no,
5021.0,si,2.0
5022.0,si,1.0
5023.0,no,
5024.0,no,
5025.0,no,
5026.0,no,
5027.0,no,
5028.0,no,
5029.0,no,
5030.0,no,
5031.0,no,
5032.0,si,1.0
5033.0,no,
5034.0,no,
5035.0,no,
5036.0,si,2.0
5037.0,no,
5038.0,no,
5039.0,no,
5040.0,no,
5041.0,no,
5042.0,no,
5043.0,no,
5044.0,no,
5045.0,no,
5046.0,si,1.0
5047.0,no,
5048.0,si,1.0
5049.0,no,
5050.0,si,2.0
5051.0,no,
5052.0,si,1.0
5053.0,no,
5054.0,no,
5055.0,no,
5056.0,si,1.0
5057.0,no,
5058.0,si,1.0
5059.0,no,
5060.0,no,
5061.0,si,1.0
5062.0,no,
5063.0,no,
5064.0,no,
5065.0,no,
5066.0,si,1.0
5067.0,no,
5068.0,no,
5069.0,si,2.0
5070.0,no,
5071.0,no,
5072.0,no,
5073.0,si,1.0
5074.0,no,
5075.0,no,
5076.0,no,
5077.0,no,
5078.0,no,
5079.0,no,
5080.0,no,
5081.0,no,
5082.0,si,1.0
5083.0,no,
5084.0,no,
5085.0,no,
5086.0,no,
5087.0,no,
5088.0,no,
5089.0,no,
5090.0,no,
5091.0,no,
5092.0,no,
5093.0,no,
5094.0,no,
5095.0,no,
5096.0,no,
5097.0,no,
5098.0,no,
5099.0,no,
5100.0,no,
5101.0,no,
5102.0,si,1.0
5103.0,no,
5104.0,si,1.0
5105.0,si,1.0
5106.0,si,1.0
5107.0,si,1.0
5108.0,si,1.0
5109.0,no,
5110.0,si,1.0
5111.0,no,
5112.0,si,1.0
5113.0,no,
5114.0,no,
5115.0,no,
5116.0,no,
5117.0,no,
5118.0,no,
5119.0,no,
5120.0,no,
5121.0,no,
5122.0,no,
5123.0,no,
5124.0,no,
5125.0,no,
5126.0,no,
5127.0,si,2.0
5128.0,no,
5129.0,no,
5130.0,si,1.0
5131.0,no,
5132.0,si,2.0
5133.0,no,
5134.0,si,1.0
5135.0,no,
5136.0,si,2.0
5137.0,no,
5138.0,no,
5139.0,si,1.0
5140.0,si,2.0
5141.0,si,1.0
5142.0,no,
5143.0,no,
5144.0,si,1.0
5145.0,si,1.0
5146.0,no,
5147.0,no,
5148.0,si,1.0
5149.0,no,
5150.0,si,1.0
5151.0,no,
5152.0,si,2.0
5153.0,si,2.0
5154.0,no,
5155.0,no,
5156.0,si,2.0
5157.0,si,1.0
5158.0,no,
5159.0,no,
5160.0,si,1.0
5161.0,no,
5162.0,no,
5163.0,no,
5164.0,no,
5165.0,si,3.0
5166.0,no,
5167.0,si,1.0
5168.0,no,
5169.0,si,1.0
5170.0,no,
5171.0,si,1.0
5172.0,no,
5173.0,si,1.0
5174.0,no,
5175.0,si,3.0
5176.0,si,2.0
5177.0,no,
5178.0,si,1.0
5179.0,no,
5180.0,no,
5181.0,si,1.0
5182.0,no,
5183.0,no,
5184.0,si,2.0
5185.0,no,
5186.0,no,
5187.0,no,
5188.0,no,
5189.0,no,
5190.0,si,1.0
5191.0,si,1.0
5192.0,no,
5193.0,no,
5194.0,no,
5195.0,no,
5196.0,si,1.0
5197.0,si,2.0
5198.0,si,1.0
5199.0,no,
5200.0,no,
5201.0,si,1.0
5202.0,si,1.0
5203.0,si,1.0
5204.0,si,1.0
5205.0,si,1.0
5206.0,si,1.0
5207.0,no,
5208.0,si,1.0
5209.0,no,
5210.0,no,
5211.0,si,2.0
5212.0,si,1.0
5213.0,si,1.0
5214.0,no,
5215.0,si,2.0
5216.0,si,2.0
5217.0,no,
5218.0,si,1.0
5219.0,no,
5220.0,si,1.0
5221.0,si,2.0
5222.0,si,2.0
5223.0,si,1.0
5224.0,no,
5225.0,si,1.0
5226.0,no,
5227.0,no,
5228.0,no,
5229.0,no,
5230.0,no,
5231.0,no,
5232.0,no,
5233.0,si,1.0
5234.0,si,1.0
5235.0,si,1.0
5236.0,si,1.0
5237.0,si,1.0
5238.0,no,
5239.0,no,
5240.0,no,
5241.0,no,
5242.0,no,
5243.0,si,1.0
5244.0,si,1.0
5245.0,si,1.0
5246.0,si,1.0
5247.0,si,2.0
5248.0,si,3.0
5249.0,no,
5250.0,no,
5251.0,si,1.0
5252.0,no,
5253.0,no,
5254.0,no,
5255.0,no,
5256.0,si,1.0
5257.0,no,
5258.0,no,
5259.0,no,
5260.0,no,
5261.0,no,
5262.0,si,1.0
5263.0,no,
5264.0,no,
5265.0,no,
5266.0,si,1.0
5267.0,no,
5268.0,no,
5269.0,no,
5270.0,no,
5271.0,no,
5272.0,si,2.0
5273.0,no,
5274.0,no,
5275.0,si,1.0
5276.0,no,
5277.0,si,1.0
5278.0,no,
5279.0,no,
5280.0,no,
5281.0,no,
5282.0,no,
5283.0,no,
5284.0,si,1.0
5285.0,no,
5286.0,no,
5287.0,no,
5288.0,no,
5289.0,no,
5290.0,no,
5291.0,si,2.0
5292.0,no,
5293.0,no,
5294.0,no,
5295.0,si,1.0
5296.0,no,
5297.0,si,1.0
5298.0,si,1.0
5299.0,si,1.0
5300.0,no,
5301.0,si,1.0
5302.0,no,
5303.0,no,
5304.0,no,
5305.0,no,
5306.0,no,
5307.0,no,
5308.0,no,
5309.0,no,
5310.0,si,1.0
5311.0,no,
5312.0,no,
5313.0,no,
5314.0,no,
5315.0,no,
5316.0,no,
5317.0,no,
5318.0,no,
5319.0,no,
5320.0,no,
5321.0,no,
5322.0,no,
5323.0,no,
5324.0,no,
5325.0,no,
5326.0,no,
5327.0,no,
5328.0,no,
5329.0,no,
5330.0,no,
5331.0,no,
5332.0,no,
5333.0,no,
5334.0,no,
5335.0,no,
5336.0,si,1.0
5337.0,si,1.0
5338.0,no,
5339.0,no,
5340.0,si,1.0
5341.0,no,
5342.0,si,1.0
5343.0,si,1.0
5344.0,si,1.0
5345.0,no,
5346.0,no,
5347.0,si,1.0
5348.0,no,
5349.0,si,1.0
5350.0,no,
5351.0,si,1.0
5352.0,no,
5353.0,si,1.0
5354.0,si,1.0
5355.0,no,
5356.0,si,1.0
5357.0,no,
5358.0,no,
5359.0,si,1.0
5360.0,si,1.0
5361.0,si,1.0
5362.0,no,
5363.0,si,1.0
5364.0,no,
5365.0,no,
5366.0,no,
5367.0,no,
5368.0,no,
5369.0,no,
5370.0,si,1.0
5371.0,no,
5372.0,no,
5373.0,no,
5374.0,si,1.0
5375.0,no,
5376.0,no,
5377.0,no,
5378.0,no,
5379.0,si,1.0
5380.0,si,1.0
5381.0,no,
5382.0,no,
5383.0,no,
5384.0,no,
5385.0,no,
5386.0,si,1.0
5387.0,si,1.0
5388.0,no,
5389.0,no,
5390.0,si,1.0
5391.0,no,
5392.0,no,
5393.0,si,1.0
5394.0,si,1.0
5395.0,no,
5396.0,si,1.0
5397.0,no,
5398.0,si,1.0
5399.0,no,
5400.0,no,
5401.0,si,1.0
5402.0,si,1.0
5403.0,si,1.0
5404.0,si,1.0
5405.0,no,
5406.0,si,1.0
5407.0,no,
5408.0,si,1.0
5409.0,no,
5410.0,si,1.0
5411.0,si,1.0
5412.0,no,
5413.0,si,1.0
5414.0,no,
5415.0,si,3.0
5416.0,si,1.0
5417.0,no,
5418.0,si,2.0
5419.0,no,
5420.0,si,1.0
5421.0,no,
5422.0,no,
5423.0,no,
5424.0,no,
5425.0,si,1.0
5426.0,no,
5427.0,si,1.0
5428.0,si,1.0
5429.0,si,1.0
5430.0,si,1.0
5431.0,si,1.0
5432.0,si,1.0
5433.0,si,1.0
5434.0,si,1.0
5435.0,no,
5436.0,si,1.0
5437.0,si,1.0
5438.0,no,
5439.0,si,1.0
5440.0,no,
5441.0,no,
5442.0,no,
5443.0,si,1.0
5444.0,si,2.0
5445.0,no,
5446.0,si,1.0
5447.0,no,
5448.0,no,
5449.0,no,
5450.0,si,1.0
5451.0,si,1.0
5452.0,no,
5453.0,no,
5454.0,si,1.0
5455.0,no,
5456.0,no,
5457.0,no,
5458.0,no,
5459.0,no,
5460.0,no,
5461.0,no,
5462.0,no,
5463.0,no,
5464.0,no,
5465.0,si,1.0
5466.0,no,
5467.0,si,1.0
5468.0,si,1.0
5469.0,si,1.0
5470.0,si,1.0
5471.0,no,
5472.0,no,
5473.0,no,
5474.0,no,
5475.0,no,
5476.0,no,
5477.0,no,
5478.0,no,
5479.0,no,
5480.0,no,
5481.0,no,
5482.0,no,
5483.0,no,
5484.0,no,
5485.0,si,1.0
5486.0,no,
5487.0,no,
5488.0,no,
5489.0,no,
5490.0,no,
5491.0,si,1.0
5492.0,no,
5493.0,si,1.0
5494.0,no,
5495.0,no,
5496.0,no,
5497.0,no,
5498.0,no,
5499.0,si,1.0
5500.0,no,
5501.0,no,
5502.0,no,
5503.0,no,
5504.0,no,
5505.0,no,
5506.0,no,
5507.0,no,
5508.0,no,
5509.0,no,
5510.0,no,
5511.0,no,
5512.0,no,
5513.0,no,
5514.0,si,1.0
5515.0,no,
5516.0,no,
5517.0,no,
5518.0,no,
5519.0,no,
5520.0,no,
5521.0,si,1.0
5522.0,si,1.0
5523.0,no,
5524.0,si,1.0
5525.0,no,
5526.0,no,
5527.0,no,
5528.0,si,1.0
5529.0,no,
5530.0,no,
5531.0,no,
5532.0,no,
5533.0,no,
5534.0,no,
5535.0,no,
5536.0,no,
5537.0,no,
5538.0,no,
5539.0,no,
5540.0,no,
5541.0,no,
5542.0,no,
5543.0,no,
5544.0,no,
5545.0,si,1.0
5546.0,no,
5547.0,si,1.0
5548.0,no,
5549.0,no,
5550.0,no,
5551.0,no,
5552.0,no,
5553.0,no,
5554.0,no,
5555.0,no,
5556.0,no,
5557.0,no,
5558.0,no,
5559.0,no,
5560.0,no,
5561.0,no,
5562.0,no,
5563.0,no,
5564.0,no,
5565.0,no,
5566.0,no,
5567.0,no,
5568.0,si,2.0
5569.0,si,2.0
5570.0,si,1.0
5571.0,si,2.0
5572.0,no,
5573.0,si,3.0
5574.0,si,1.0
5575.0,no,
5576.0,si,1.0
5577.0,si,2.0
5578.0,si,1.0
5579.0,no,
5580.0,no,
5581.0,no,
5582.0,no,
5583.0,si,3.0
5584.0,no,
5585.0,no,
5586.0,no,
5587.0,no,
5588.0,no,
5589.0,no,
5590.0,no,
5591.0,no,
5592.0,no,
5593.0,no,
5594.0,no,
5595.0,no,
5596.0,no,
5597.0,no,
5598.0,no,
5599.0,no,
5600.0,no,
5601.0,no,
5602.0,no,
5603.0,no,
5604.0,si,1.0
5605.0,no,
5606.0,no,
5607.0,no,
5608.0,no,
5609.0,no,
5610.0,no,
5611.0,no,
5612.0,si,1.0
5613.0,no,
5614.0,no,
5615.0,no,
5616.0,no,
5617.0,no,
5618.0,no,
5619.0,no,
5620.0,no,
5621.0,si,1.0
5622.0,no,
5623.0,no,
5624.0,no,
5625.0,no,
5626.0,si,1.0
5627.0,si,1.0
5628.0,no,
5629.0,no,
5630.0,no,
5631.0,si,2.0
5632.0,si,1.0
5633.0,si,1.0
5634.0,no,
5635.0,si,2.0
5636.0,si,1.0
5637.0,si,1.0
5638.0,si,2.0
5639.0,si,1.0
5640.0,no,
5641.0,si,1.0
5642.0,si,1.0
5643.0,no,
5644.0,no,
5645.0,no,
5646.0,no,
5647.0,no,
5648.0,no,
5649.0,no,
5650.0,si,1.0
5651.0,si,3.0
5652.0,no,
5653.0,si,1.0
5654.0,si,1.0
5655.0,si,1.0
5656.0,no,
5657.0,si,1.0
5658.0,si,2.0
5659.0,no,
5660.0,si,1.0
5661.0,no,
5662.0,no,
5663.0,no,
5664.0,no,
5665.0,no,
5666.0,no,
5667.0,no,
5668.0,si,1.0
5669.0,si,1.0
5670.0,no,
5671.0,no,
5672.0,si,1.0
5673.0,no,
5674.0,no,
5675.0,si,1.0
5676.0,no,
5677.0,no,
5678.0,no,
5679.0,no,
5680.0,no,
5681.0,no,
5682.0,no,
5683.0,no,
5684.0,no,
5685.0,no,
5686.0,no,
5687.0,no,
5688.0,no,
5689.0,no,
5690.0,no,
5691.0,no,
5692.0,no,
5693.0,no,
5694.0,no,
5695.0,no,
5696.0,si,1.0
5697.0,no,
5698.0,si,1.0
5699.0,no,
5700.0,no,
5701.0,no,
5702.0,si,1.0
5703.0,si,1.0
5704.0,no,
5705.0,no,
5706.0,no,
5707.0,si,1.0
5708.0,no,
5709.0,no,
5710.0,no,
5711.0,si,1.0
5712.0,no,
5713.0,no,
5714.0,si,1.0
5715.0,no,
5716.0,si,1.0
5717.0,si,3.0
5718.0,si,1.0
5719.0,si,1.0
5720.0,si,1.0
5721.0,si,2.0
5722.0,no,
5723.0,no,
5724.0,no,
5725.0,no,
5726.0,no,
5727.0,si,1.0
5728.0,si,1.0
5729.0,no,
5730.0,no,
5731.0,no,
5732.0,no,
5733.0,no,
5734.0,no,
5735.0,no,
5736.0,no,
5737.0,si,1.0
5738.0,no,
5739.0,no,
5740.0,si,1.0
5741.0,si,1.0
5742.0,si,1.0
5743.0,si,1.0
5744.0,no,
5745.0,no,
5746.0,si,1.0
5747.0,si,1.0
5748.0,si,1.0
5749.0,no,
5750.0,no,
5751.0,no,
5752.0,no,
5753.0,si,2.0
5754.0,no,
5755.0,no,
5756.0,si,1.0
5757.0,si,1.0
5758.0,si,1.0
5759.0,si,1.0
5760.0,no,
5761.0,no,
5762.0,si,1.0
5763.0,no,
5764.0,no,
5765.0,no,
5766.0,si,1.0
5767.0,no,
5768.0,si,1.0
5769.0,no,
5770.0,no,
5771.0,no,
5772.0,no,
5773.0,no,
5774.0,si,1.0
5775.0,no,
5776.0,no,
5777.0,no,
5778.0,no,
5779.0,si,1.0
5780.0,no,
5781.0,no,
5782.0,no,
5783.0,no,
5784.0,no,
5785.0,no,
5786.0,si,1.0
5787.0,no,
5788.0,no,
5789.0,no,
5790.0,no,
5791.0,no,
5792.0,no,
5793.0,no,
5794.0,no,
5795.0,si,2.0
5796.0,si,1.0
5797.0,no,
5798.0,no,
5799.0,si,1.0
5800.0,no,
5801.0,si,1.0
5802.0,no,
5803.0,no,
5804.0,si,1.0
5805.0,si,2.0
5806.0,si,1.0
5807.0,si,1.0
5808.0,no,
5809.0,no,
5810.0,no,
5811.0,no,
5812.0,no,
5813.0,si,1.0
5814.0,no,
5815.0,si,1.0
5816.0,no,
5817.0,si,1.0
5818.0,si,1.0
5819.0,no,
5820.0,si,1.0
5821.0,si,1.0
5822.0,si,1.0
5823.0,no,
5824.0,si,1.0
5825.0,no,
5826.0,no,
5827.0,no,
5828.0,no,
5829.0,no,
5830.0,no,
5831.0,si,1.0
5832.0,no,
5833.0,no,
5834.0,no,
5835.0,si,2.0
5836.0,no,
5837.0,no,
5838.0,no,
5839.0,si,1.0
5840.0,no,
5841.0,si,1.0
5842.0,no,
5843.0,no,
5844.0,no,
5845.0,no,
5846.0,no,
5847.0,si,1.0
5848.0,no,
5849.0,no,
5850.0,si,1.0
5851.0,no,
5852.0,no,
5853.0,no,
5854.0,si,1.0
5855.0,no,
5856.0,si,1.0
5857.0,si,1.0
5858.0,si,3.0
5859.0,no,
5860.0,no,
5861.0,si,1.0
5862.0,no,
5863.0,no,
5864.0,no,
5865.0,si,1.0
5866.0,no,
5867.0,no,
5868.0,no,
5869.0,no,
5870.0,no,
5871.0,no,
5872.0,si,1.0
5873.0,no,
5874.0,no,
5875.0,no,
5876.0,no,
5877.0,no,
5878.0,no,
5879.0,si,1.0
5880.0,no,
5881.0,no,
5882.0,no,
5883.0,no,
5884.0,no,
5885.0,no,
5886.0,no,
5887.0,no,
5888.0,no,
5889.0,no,
5890.0,no,
5891.0,no,
5892.0,no,
5893.0,si,1.0
5894.0,no,
5895.0,si,1.0
5896.0,no,
5897.0,no,
5898.0,no,
5899.0,no,
5900.0,si,1.0
5901.0,no,
5902.0,si,1.0
5903.0,no,
5904.0,no,
5905.0,no,
5906.0,no,
5907.0,no,
5908.0,no,
5909.0,no,
5910.0,no,
5911.0,no,
5912.0,no,
5913.0,no,
5914.0,si,2.0
5915.0,no,
5916.0,no,
5917.0,no,
5918.0,no,
5919.0,no,
5920.0,si,1.0
5921.0,no,
5922.0,no,
5923.0,no,
5924.0,no,
5925.0,no,
5926.0,no,
5927.0,no,
5928.0,no,
5929.0,si,2.0
5930.0,si,1.0
5931.0,no,
5932.0,si,1.0
5933.0,si,1.0
5934.0,no,
5935.0,no,
5936.0,no,
5937.0,no,
5938.0,si,1.0
5939.0,no,
5940.0,no,
5941.0,no,
5942.0,si,3.0
5943.0,no,
5944.0,no,
5945.0,no,
5946.0,no,
5947.0,no,
5948.0,no,
5949.0,no,
5950.0,no,
5951.0,no,
5952.0,no,
5953.0,no,
5954.0,no,
5955.0,no,
5956.0,no,
5957.0,no,
5958.0,no,
5959.0,no,
5960.0,no,
5961.0,no,
5962.0,no,
5963.0,no,
5964.0,no,
5965.0,no,
5966.0,no,
5967.0,no,
5968.0,si,1.0
5969.0,no,
5970.0,no,
5971.0,no,
5972.0,no,
5973.0,si,2.0
5974.0,no,
5975.0,no,
5976.0,no,
5977.0,no,
5978.0,no,
5979.0,no,
5980.0,si,1.0
5981.0,no,
5982.0,no,
5983.0,no,
5984.0,no,
5985.0,no,
5986.0,no,
5987.0,no,
5988.0,no,
5989.0,no,
5990.0,no,
5991.0,no,
5992.0,no,
5993.0,no,
5994.0,no,
5995.0,no,
5996.0,no,
5997.0,no,
5998.0,no,
5999.0,si,1.0
6000.0,si,1.0
6001.0,no,
6002.0,si,1.0
6003.0,no,
6004.0,si,1.0
6005.0,no,
6006.0,no,
6007.0,si,2.0
6008.0,si,2.0
6009.0,si,1.0
6010.0,si,1.0
6011.0,no,
6012.0,si,1.0
6013.0,si,1.0
6014.0,si,1.0
6015.0,no,
6016.0,no,
6017.0,si,2.0
6018.0,no,
6019.0,no,
6020.0,no,
6021.0,no,
6022.0,si,1.0
6023.0,si,2.0
6024.0,no,
6025.0,si,1.0
6026.0,si,2.0
6027.0,no,
6028.0,no,
6029.0,si,1.0
6030.0,si,1.0
6031.0,no,
6032.0,no,
6033.0,no,
6034.0,no,
6035.0,si,1.0
6036.0,no,
6037.0,no,
6038.0,no,
6039.0,no,
6040.0,si,2.0
6041.0,no,
6042.0,no,
6043.0,si,1.0
6044.0,no,
6045.0,si,3.0
6046.0,no,
6047.0,no,
6048.0,no,
6049.0,si,1.0
6050.0,no,
6051.0,no,
6052.0,no,
6053.0,no,
6054.0,si,1.0
6055.0,no,
6056.0,no,
6057.0,no,
6058.0,no,
6059.0,no,
6060.0,no,
6061.0,no,
6062.0,no,
6063.0,no,
6064.0,no,
6065.0,no,
6066.0,no,
6067.0,no,
6068.0,no,
6069.0,no,
6070.0,no,
6071.0,no,
6072.0,no,
6073.0,no,
6074.0,no,
6075.0,no,
6076.0,no,
6077.0,no,
6078.0,no,
6079.0,no,
6080.0,no,
6081.0,si,1.0
6082.0,no,
6083.0,no,
6084.0,no,
6085.0,si,1.0
6086.0,si,2.0
6087.0,no,
6088.0,no,
6089.0,no,
6090.0,no,
6091.0,no,
6092.0,no,
6093.0,no,
6094.0,no,
6095.0,no,
6096.0,no,
6097.0,no,
6098.0,no,
6099.0,si,1.0
6100.0,no,
6101.0,no,
6102.0,no,
6103.0,no,
6104.0,no,
6105.0,si,1.0
6106.0,si,1.0
6107.0,no,
6108.0,no,
6109.0,si,1.0
6110.0,no,
6111.0,si,1.0
6112.0,no,
6113.0,no,
6114.0,si,1.0
6115.0,no,
6116.0,no,
6117.0,no,
6118.0,no,
6119.0,si,1.0
6120.0,no,
6121.0,si,1.0
6122.0,no,
6123.0,no,
6124.0,no,
6125.0,si,1.0
6126.0,no,
6127.0,no,
6128.0,si,2.0
6129.0,no,
6130.0,no,
6131.0,no,
6132.0,no,
6133.0,no,
6134.0,si,2.0
6135.0,no,
6136.0,no,
6137.0,no,
6138.0,no,
6139.0,no,
6140.0,no,
6141.0,no,
6142.0,si,1.0
6143.0,no,
6144.0,no,
6145.0,no,
6146.0,no,
6147.0,no,
6148.0,si,2.0
6149.0,no,
6150.0,no,
6151.0,no,
6152.0,no,
6153.0,no,
6154.0,no,
6155.0,no,
6156.0,no,
6157.0,no,
6158.0,no,
6159.0,no,
6160.0,no,
6161.0,si,1.0
6162.0,no,
6163.0,no,
6164.0,si,1.0
6165.0,si,3.0
6166.0,no,
6167.0,no,
6168.0,no,
6169.0,no,
6170.0,si,1.0
6171.0,si,1.0
6172.0,no,
6173.0,no,
6174.0,no,
6175.0,no,
6176.0,si,1.0
6177.0,no,
6178.0,si,1.0
6179.0,no,
6180.0,no,
6181.0,no,
6182.0,no,
6183.0,no,
6184.0,no,
6185.0,no,
6186.0,no,
6187.0,no,
6188.0,no,
6189.0,no,
6190.0,no,
6191.0,no,
6192.0,no,
6193.0,no,
6194.0,no,
6195.0,no,
6196.0,no,
6197.0,no,
6198.0,no,
6199.0,no,
6200.0,no,
6201.0,no,
6202.0,no,
6203.0,no,
6204.0,no,
6205.0,si,1.0
6206.0,no,
6207.0,no,
6208.0,si,1.0
6209.0,no,
6210.0,no,
6211.0,no,
6212.0,no,
6213.0,no,
6214.0,no,
6215.0,no,
6216.0,no,
6217.0,no,
6218.0,no,
6219.0,no,
6220.0,no,
6221.0,no,
6222.0,si,1.0
6223.0,no,
6224.0,no,
6225.0,si,2.0
6226.0,no,
6227.0,no,
6228.0,no,
6229.0,si,2.0
6230.0,no,
6231.0,si,1.0
6232.0,si,1.0
6233.0,si,1.0
6234.0,si,2.0
6235.0,si,1.0
6236.0,no,
6237.0,no,
6238.0,si,1.0
6239.0,si,1.0
6240.0,si,1.0
6241.0,si,1.0
6242.0,si,1.0
6243.0,si,1.0
6244.0,no,
6245.0,no,
6246.0,no,
6247.0,si,1.0
6248.0,no,
6249.0,si,1.0
6250.0,no,
6251.0,no,
6252.0,si,1.0
6253.0,si,1.0
6254.0,no,
6255.0,no,
6256.0,no,
6257.0,no,
6258.0,si,1.0
6259.0,si,1.0
6260.0,no,
6261.0,no,
6262.0,no,
6263.0,no,
6264.0,no,
6265.0,si,1.0
6266.0,no,
6267.0,si,1.0
6268.0,si,1.0
6269.0,si,1.0
6270.0,si,1.0
6271.0,si,1.0
6272.0,no,
6273.0,si,1.0
6274.0,no,
6275.0,no,
6276.0,si,1.0
6277.0,no,
6278.0,si,1.0
6279.0,no,
6280.0,si,1.0
6281.0,no,
6282.0,no,
6283.0,no,
6284.0,no,
6285.0,si,1.0
6286.0,si,1.0
6287.0,no,
6288.0,no,
6289.0,no,
6290.0,no,
6291.0,no,
6292.0,no,
6293.0,no,
6294.0,no,
6295.0,si,2.0
6296.0,si,1.0
6297.0,no,
6298.0,no,
6299.0,no,
6300.0,si,1.0
6301.0,no,
6302.0,no,
6303.0,si,1.0
6304.0,si,1.0
6305.0,no,
6306.0,no,
6307.0,no,
6308.0,no,
6309.0,no,
6310.0,no,
6311.0,no,
6312.0,si,1.0
6313.0,no,
6314.0,si,1.0
6315.0,no,
6316.0,si,1.0
6317.0,no,
6318.0,no,
6319.0,si,1.0
6320.0,si,2.0
6321.0,no,
6322.0,no,
6323.0,si,1.0
6324.0,si,1.0
6325.0,no,
6326.0,si,2.0
6327.0,si,1.0
6328.0,no,
6329.0,si,1.0
6330.0,no,
6331.0,no,
6332.0,no,
6333.0,no,
6334.0,no,
6335.0,si,1.0
6336.0,no,
6337.0,si,1.0
6338.0,no,
6339.0,no,
6340.0,no,
6341.0,no,
6342.0,si,1.0
6343.0,no,
6344.0,no,
6345.0,si,1.0
6346.0,si,1.0
6347.0,si,1.0
6348.0,si,1.0
6349.0,no,
6350.0,no,
6351.0,no,
6352.0,no,
6353.0,si,1.0
6354.0,si,1.0
6355.0,si,1.0
6356.0,no,
6357.0,si,3.0
6358.0,no,
6359.0,no,
6360.0,si,1.0
6361.0,si,2.0
6362.0,si,2.0
6363.0,no,
6364.0,no,
6365.0,si,2.0
6366.0,no,
6367.0,no,
6368.0,si,1.0
6369.0,no,
6370.0,no,
6371.0,si,2.0
6372.0,no,
6373.0,si,1.0
6374.0,si,1.0
6375.0,no,
6376.0,si,1.0
6377.0,no,
6378.0,si,2.0
6379.0,si,1.0
6380.0,si,2.0
6381.0,si,1.0
6382.0,si,2.0
6383.0,si,1.0
6384.0,si,1.0
6385.0,si,1.0
6386.0,si,2.0
6387.0,si,2.0
6388.0,no,
6389.0,no,
6390.0,no,
6391.0,no,
6392.0,no,
6393.0,si,2.0
6394.0,no,
6395.0,si,1.0
6396.0,no,
6397.0,si,2.0
6398.0,si,1.0
6399.0,si,1.0
6400.0,si,3.0
6401.0,no,
6402.0,si,2.0
6403.0,si,1.0
6404.0,no,
6405.0,si,1.0
6406.0,si,2.0
6407.0,si,1.0
6408.0,si,1.0
6409.0,si,1.0
6410.0,no,
6411.0,si,1.0
6412.0,no,
6413.0,no,
6414.0,no,
6415.0,no,
6416.0,no,
6417.0,si,2.0
6418.0,no,
6419.0,si,1.0
6420.0,si,1.0
6421.0,no,
6422.0,si,1.0
6423.0,no,
6424.0,no,
6425.0,no,
6426.0,no,
6427.0,no,
6428.0,no,
6429.0,si,1.0
6430.0,no,
6431.0,no,
6432.0,no,
6433.0,si,2.0
6434.0,no,
6435.0,si,3.0
6436.0,no,
6437.0,no,
6438.0,no,
6439.0,no,
6440.0,no,
6441.0,no,
6442.0,no,
6443.0,no,
6444.0,no,
6445.0,no,
6446.0,no,
6447.0,no,
6448.0,no,
6449.0,no,
6450.0,no,
6451.0,no,
6452.0,si,1.0
6453.0,no,
6454.0,no,
6455.0,no,
6456.0,no,
6457.0,no,
6458.0,no,
6459.0,no,
6460.0,no,
6461.0,no,
6462.0,si,1.0
6463.0,si,2.0
6464.0,no,
6465.0,no,
6466.0,si,1.0
6467.0,no,
6468.0,no,
6469.0,no,
6470.0,no,
6471.0,no,
6472.0,si,1.0
6473.0,si,2.0
6474.0,no,
6475.0,si,1.0
6476.0,no,
6477.0,no,
6478.0,no,
6479.0,no,
6480.0,no,
6481.0,si,2.0
6482.0,si,1.0
6483.0,no,
6484.0,si,2.0
6485.0,no,
6486.0,no,
6487.0,no,
6488.0,si,1.0
6489.0,no,
6490.0,no,
6491.0,no,
6492.0,no,
6493.0,no,
6494.0,no,
6495.0,no,
6496.0,si,1.0
6497.0,si,1.0
6498.0,si,2.0
6499.0,si,1.0
6500.0,si,1.0
6501.0,si,2.0
6502.0,no,
6503.0,no,
6504.0,no,
6505.0,no,
6506.0,no,
6507.0,no,
6508.0,no,
6509.0,si,3.0
6510.0,no,
6511.0,no,
6512.0,no,
6513.0,no,
6514.0,no,
6515.0,no,
6516.0,si,2.0
6517.0,si,1.0
6518.0,no,
6519.0,no,
6520.0,no,
6521.0,no,
6522.0,no,
6523.0,no,
6524.0,si,1.0
6525.0,no,
6526.0,si,1.0
6527.0,no,
6528.0,no,
6529.0,no,
6530.0,no,
6531.0,no,
6532.0,si,1.0
6533.0,no,
6534.0,si,1.0
6535.0,si,2.0
6536.0,si,1.0
6537.0,si,1.0
6538.0,si,1.0
6539.0,si,1.0
6540.0,no,
6541.0,si,1.0
6542.0,no,
6543.0,si,1.0
6544.0,no,
6545.0,si,2.0
6546.0,no,
6547.0,no,
6548.0,si,1.0
6549.0,no,
6550.0,no,
6551.0,si,1.0
6552.0,no,
6553.0,no,
6554.0,no,
6555.0,no,
6556.0,no,
6557.0,no,
6558.0,no,
6559.0,no,
6560.0,no,
6561.0,no,
6562.0,no,
6563.0,no,
6564.0,no,
6565.0,no,
6566.0,si,1.0
6567.0,no,
6568.0,no,
6569.0,no,
6570.0,no,
6571.0,no,
6572.0,no,
6573.0,no,
6574.0,si,1.0
6575.0,si,1.0
6576.0,si,1.0
6577.0,si,1.0
6578.0,si,2.0
6579.0,si,2.0
6580.0,si,1.0
6581.0,no,
6582.0,no,
6583.0,si,1.0
6584.0,no,
6585.0,si,1.0
6586.0,no,
6587.0,si,1.0
6588.0,no,
6589.0,no,
6590.0,no,
6591.0,no,
6592.0,no,
6593.0,no,
6594.0,no,
6595.0,no,
6596.0,no,
6597.0,si,1.0
6598.0,no,
6599.0,si,1.0
6600.0,si,1.0
6601.0,si,1.0
6602.0,no,
6603.0,no,
6604.0,si,1.0
6605.0,si,1.0
6606.0,si,1.0
6607.0,si,2.0
6608.0,si,1.0
6609.0,si,1.0
6610.0,si,1.0
6611.0,si,2.0
6612.0,no,
6613.0,no,
6614.0,no,
6615.0,si,1.0
6616.0,no,
6617.0,si,1.0
6618.0,no,
6619.0,si,1.0
6620.0,si,1.0
6621.0,si,1.0
6622.0,no,
6623.0,si,1.0
6624.0,no,
6625.0,no,
6626.0,si,1.0
6627.0,no,
6628.0,no,
6629.0,si,3.0
6630.0,si,3.0
6631.0,no,
6632.0,si,2.0
6633.0,si,2.0
6634.0,si,1.0
6635.0,si,2.0
6636.0,si,1.0
6637.0,no,
6638.0,no,
6639.0,no,
6640.0,si,1.0
6641.0,si,2.0
6642.0,no,
6643.0,si,3.0
6644.0,si,2.0
6645.0,si,2.0
6646.0,si,1.0
6647.0,si,1.0
6648.0,si,1.0
6649.0,si,1.0
6650.0,no,
6651.0,no,
6652.0,no,
6653.0,no,
6654.0,si,1.0
6655.0,si,1.0
6656.0,no,
6657.0,si,1.0
6658.0,no,
6659.0,no,
6660.0,no,
6661.0,si,2.0
6662.0,si,1.0
6663.0,no,
6664.0,no,
6665.0,si,1.0
6666.0,no,
6667.0,no,
6668.0,no,
6669.0,no,
6670.0,si,1.0
6671.0,no,
6672.0,no,
6673.0,no,
6674.0,no,
6675.0,si,2.0
6676.0,no,
6677.0,no,
6678.0,no,
6679.0,no,
6680.0,si,1.0
6681.0,no,
6682.0,si,2.0
6683.0,si,1.0
6684.0,si,1.0
6685.0,no,
6686.0,no,
6687.0,no,
6688.0,no,
6689.0,si,1.0
6690.0,si,1.0
6691.0,si,1.0
6692.0,si,1.0
6693.0,no,
6694.0,no,
6695.0,si,1.0
6696.0,si,2.0
6697.0,si,1.0
6698.0,no,
6699.0,no,
6700.0,no,
6701.0,si,1.0
6702.0,no,
6703.0,si,1.0
6704.0,si,2.0
6705.0,si,3.0
6706.0,no,
6707.0,si,1.0
6708.0,no,
6709.0,no,
6710.0,no,
6711.0,no,
6712.0,no,
6713.0,no,
6714.0,no,
6715.0,no,
6716.0,no,
6717.0,no,
6718.0,no,
6719.0,si,1.0
6720.0,si,2.0
6721.0,si,1.0
6722.0,no,
6723.0,si,2.0
6724.0,no,
6725.0,si,2.0
6726.0,si,1.0
6727.0,si,1.0
6728.0,si,2.0
6729.0,no,
6730.0,no,
6731.0,no,
6732.0,si,1.0
6733.0,si,2.0
6734.0,si,1.0
6735.0,no,
6736.0,si,2.0
6737.0,si,1.0
6738.0,no,
6739.0,si,1.0
6740.0,si,2.0
6741.0,no,
6742.0,si,3.0
6743.0,si,1.0
6744.0,no,
6745.0,no,
6746.0,no,
6747.0,si,1.0
6748.0,no,
6749.0,si,1.0
6750.0,no,
6751.0,si,1.0
6752.0,no,
6753.0,no,
6754.0,no,
6755.0,si,1.0
6756.0,si,1.0
6757.0,si,1.0
6758.0,no,
6759.0,si,1.0
6760.0,si,1.0
6761.0,si,1.0
6762.0,si,1.0
6763.0,si,1.0
6764.0,si,1.0
6765.0,si,1.0
6766.0,si,1.0
6767.0,si,1.0
6768.0,si,2.0
6769.0,no,
6770.0,si,2.0
6771.0,si,1.0
6772.0,si,1.0
6773.0,no,
6774.0,no,
6775.0,si,2.0
6776.0,no,
6777.0,no,
6778.0,si,1.0
6779.0,si,1.0
6780.0,si,2.0
6781.0,no,
6782.0,si,1.0
6783.0,no,
6784.0,no,
6785.0,no,
6786.0,no,
6787.0,no,
6788.0,no,
6789.0,no,
6790.0,no,
6791.0,si,2.0
6792.0,no,
6793.0,no,
6794.0,si,1.0
6795.0,si,1.0
6796.0,si,1.0
6797.0,no,
6798.0,no,
6799.0,no,
6800.0,no,
6801.0,no,
6802.0,no,
6803.0,no,
6804.0,no,
6805.0,no,
6806.0,si,1.0
6807.0,no,
6808.0,no,
6809.0,si,1.0
6810.0,no,
6811.0,si,1.0
6812.0,no,
6813.0,no,
6814.0,si,1.0
6815.0,si,1.0
6816.0,no,
6817.0,no,
6818.0,si,2.0
6819.0,no,
6820.0,no,
6821.0,si,1.0
6822.0,si,1.0
6823.0,si,2.0
6824.0,si,1.0
6825.0,no,
6826.0,si,1.0
6827.0,no,
6828.0,no,
6829.0,no,
6830.0,si,1.0
6831.0,si,1.0
6832.0,no,
6833.0,si,1.0
6834.0,no,
6835.0,si,1.0
6836.0,no,
6837.0,no,
6838.0,si,1.0
6839.0,no,
6840.0,si,1.0
6841.0,no,
6842.0,no,
6843.0,no,
6844.0,no,
6845.0,no,
6846.0,no,
6847.0,si,2.0
6848.0,no,
6849.0,no,
6850.0,si,1.0
6851.0,no,
6852.0,no,
6853.0,no,
6854.0,no,
6855.0,si,1.0
6856.0,no,
6857.0,si,2.0
6858.0,no,
6859.0,no,
6860.0,no,
6861.0,si,2.0
6862.0,no,
6863.0,si,1.0
6864.0,si,1.0
6865.0,no,
6866.0,no,
6867.0,no,
6868.0,si,1.0
6869.0,no,
6870.0,no,
6871.0,si,1.0
6872.0,si,2.0
6873.0,si,1.0
6874.0,si,1.0
6875.0,no,
6876.0,no,
6877.0,no,
6878.0,si,1.0
6879.0,no,
6880.0,si,1.0
6881.0,si,1.0
6882.0,si,1.0
6883.0,si,1.0
6884.0,no,
6885.0,no,
6886.0,no,
6887.0,no,
6888.0,si,1.0
6889.0,no,
6890.0,si,3.0
6891.0,si,1.0
6892.0,si,1.0
6893.0,no,
6894.0,no,
6895.0,si,1.0
6896.0,si,1.0
6897.0,si,1.0
6898.0,no,
6899.0,no,
6900.0,no,
6901.0,si,1.0
6902.0,si,1.0
6903.0,si,1.0
6904.0,no,
6905.0,si,1.0
6906.0,si,1.0
6907.0,no,
6908.0,no,
6909.0,no,
6910.0,si,1.0
6911.0,no,
6912.0,si,1.0
6913.0,no,
6914.0,si,1.0
6915.0,si,1.0
6916.0,no,
6917.0,no,
6918.0,si,1.0
6919.0,no,
6920.0,no,
6921.0,no,
6922.0,no,
6923.0,si,1.0
6924.0,si,1.0
6925.0,si,1.0
6926.0,si,1.0
6927.0,si,1.0
6928.0,no,
6929.0,no,
6930.0,si,1.0
6931.0,si,1.0
6932.0,si,1.0
6933.0,si,1.0
6934.0,si,1.0
6935.0,no,
6936.0,si,1.0
6937.0,no,
6938.0,no,
6939.0,no,
6940.0,si,1.0
6941.0,si,1.0
6942.0,no,
6943.0,si,1.0
6944.0,si,1.0
6945.0,si,2.0
6946.0,no,
6947.0,no,
6948.0,no,
6949.0,no,
6950.0,no,
6951.0,no,
6952.0,no,
6953.0,no,
6954.0,no,
6955.0,no,
6956.0,no,
6957.0,no,
6958.0,si,1.0
6959.0,no,
6960.0,no,
6961.0,no,
6962.0,no,
6963.0,si,1.0
6964.0,si,1.0
6965.0,no,
6966.0,no,
6967.0,no,
6968.0,no,
6969.0,no,
6970.0,no,
6971.0,no,
6972.0,no,
6973.0,no,
6974.0,no,
6975.0,no,
6976.0,no,
6977.0,no,
6978.0,no,
6979.0,si,1.0
6980.0,no,
6981.0,si,1.0
6982.0,no,
6983.0,no,
6984.0,no,
6985.0,si,1.0
6986.0,no,
6987.0,no,
6988.0,no,
6989.0,si,1.0
6990.0,si,1.0
6991.0,no,
6992.0,si,1.0
6993.0,no,
6994.0,no,
6995.0,no,
6996.0,no,
6997.0,si,1.0
6998.0,si,1.0
6999.0,no,
7000.0,no,
7001.0,no,
7002.0,no,
7003.0,no,
7004.0,no,
7005.0,no,
7006.0,no,
7007.0,si,2.0
7008.0,si,1.0
7009.0,si,1.0
7010.0,no,
7011.0,no,
7012.0,no,
7013.0,no,
7014.0,no,
7015.0,no,
7016.0,no,
7017.0,si,2.0
7018.0,no,
7019.0,no,
7020.0,si,1.0
7021.0,si,1.0
7022.0,si,1.0
7023.0,no,
7024.0,si,1.0
7025.0,no,
7026.0,no,
7027.0,no,
7028.0,si,2.0
7029.0,no,
7030.0,no,
7031.0,no,
7032.0,si,1.0
7033.0,si,1.0
7034.0,si,1.0
7035.0,no,
7036.0,si,1.0
7037.0,si,1.0
7038.0,no,
7039.0,no,
7040.0,no,
7041.0,no,
7042.0,no,
7043.0,no,
7044.0,no,
7045.0,no,
7046.0,no,
7047.0,no,
7048.0,si,1.0
7049.0,si,1.0
7050.0,no,
7051.0,si,1.0
7052.0,si,1.0
7053.0,no,
7054.0,no,
7055.0,no,
7056.0,no,
7057.0,no,
7058.0,no,
7059.0,no,
7060.0,si,1.0
7061.0,no,
7062.0,si,1.0
7063.0,no,
7064.0,si,2.0
7065.0,no,
7066.0,no,
7067.0,si,1.0
7068.0,no,
7069.0,no,
7070.0,no,
7071.0,si,1.0
7072.0,no,
7073.0,no,
7074.0,no,
7075.0,si,1.0
7076.0,no,
7077.0,no,
7078.0,no,
7079.0,no,
7080.0,no,
7081.0,no,
7082.0,si,1.0
7083.0,no,
7084.0,si,1.0
7085.0,no,
7086.0,no,
7087.0,no,
7088.0,no,
7089.0,no,
7090.0,no,
7091.0,no,
7092.0,no,
7093.0,no,
7094.0,no,
7095.0,no,
7096.0,no,
7097.0,no,
7098.0,no,
7099.0,no,
7100.0,no,
7101.0,no,
7102.0,si,1.0
7103.0,no,
7104.0,no,
7105.0,no,
7106.0,no,
7107.0,no,
7108.0,no,
7109.0,no,
7110.0,no,
7111.0,no,
7112.0,si,1.0
7113.0,no,
7114.0,no,
7115.0,si,1.0
7116.0,no,
7117.0,no,
7118.0,no,
7119.0,no,
7120.0,no,
7121.0,no,
7122.0,no,
7123.0,no,
7124.0,no,
7125.0,no,
7126.0,no,
7127.0,no,
7128.0,no,
7129.0,no,
7130.0,no,
7131.0,no,
7132.0,no,
7133.0,no,
7134.0,no,
7135.0,no,
7136.0,no,
7137.0,si,1.0
7138.0,no,
7139.0,no,
7140.0,no,
7141.0,no,
7142.0,no,
7143.0,no,
7144.0,no,
7145.0,no,
7146.0,no,
7147.0,no,
7148.0,no,
7149.0,no,
7150.0,no,
7151.0,si,2.0
7152.0,no,
7153.0,no,
7154.0,no,
7155.0,no,
7156.0,no,
7157.0,no,
7158.0,no,
7159.0,no,
7160.0,no,
7161.0,no,
7162.0,si,1.0
7163.0,si,1.0
7164.0,no,
7165.0,si,1.0
7166.0,no,
7167.0,no,
7168.0,no,
7169.0,si,3.0
7170.0,si,1.0
7171.0,si,1.0
7172.0,no,
7173.0,no,
7174.0,no,
7175.0,si,1.0
7176.0,no,
7177.0,si,1.0
7178.0,si,1.0
7179.0,no,
7180.0,no,
7181.0,no,
7182.0,no,
7183.0,no,
7184.0,no,
7185.0,no,
7186.0,no,
7187.0,si,1.0
7188.0,no,
7189.0,si,1.0
7190.0,si,1.0
7191.0,si,1.0
7192.0,no,
7193.0,si,1.0
7194.0,no,
7195.0,no,
7196.0,si,1.0
7197.0,no,
7198.0,no,
7199.0,no,
7200.0,no,
7201.0,si,3.0
7202.0,si,1.0
7203.0,no,
7204.0,si,2.0
7205.0,si,2.0
7206.0,si,1.0
7207.0,si,1.0
7208.0,si,1.0
7209.0,no,
7210.0,si,1.0
7211.0,si,1.0
7212.0,si,1.0
7213.0,si,1.0
7214.0,no,
7215.0,no,
7216.0,no,
7217.0,no,
7218.0,no,
7219.0,si,1.0
7220.0,no,
7221.0,no,
7222.0,no,
7223.0,no,
7224.0,no,
7225.0,no,
7226.0,si,1.0
7227.0,no,
7228.0,no,
7229.0,no,
7230.0,si,1.0
7231.0,no,
7232.0,si,2.0
7233.0,si,1.0
7234.0,no,
7235.0,no,
7236.0,no,
7237.0,si,1.0
7238.0,no,
7239.0,no,
7240.0,no,
7241.0,no,
7242.0,no,
7243.0,si,1.0
7244.0,no,
7245.0,no,
7246.0,no,
7247.0,no,
7248.0,no,
7249.0,no,
7250.0,no,
7251.0,no,
7252.0,no,
7253.0,no,
7254.0,no,
7255.0,no,
7256.0,no,
7257.0,no,
7258.0,no,
7259.0,no,
7260.0,no,
7261.0,no,
7262.0,no,
7263.0,no,
7264.0,no,
7265.0,no,
7266.0,no,
7267.0,no,
7268.0,no,
7269.0,no,
7270.0,no,
7271.0,no,
7272.0,no,
7273.0,no,
7274.0,no,
7275.0,no,
7276.0,no,
